id,archivo,unidad,subtema,seccion,tipo,titulo_visible,autor_canal,cita,url_actual,estado,busqueda_url
Mapa_Java.html:1.1:videos:0,Mapa_Java.html,01 · Fundamentos y Sintaxis en Java,"1.1 · Tipos de datos, variables y operadores",Videos,video,Curso de Java desde cero: Variables y Tipos de Datos,MoureDev,,,pendiente,https://www.youtube.com/results?search_query=Curso%20de%20Java%20desde%20cero%3A%20Variables%20y%20Tipos%20de%20Datos%20MoureDev
Mapa_Java.html:1.1:videos:1,Mapa_Java.html,01 · Fundamentos y Sintaxis en Java,"1.1 · Tipos de datos, variables y operadores",Videos,video,Curso de Java completo para principiantes: Tipos de Datos Primitivos y Operadores,pildorasinformaticas,,,pendiente,https://www.youtube.com/results?search_query=Curso%20de%20Java%20completo%20para%20principiantes%3A%20Tipos%20de%20Datos%20Primitivos%20y%20Operadores%20pildorasinformaticas
Mapa_Java.html:1.1:videos:2,Mapa_Java.html,01 · Fundamentos y Sintaxis en Java,"1.1 · Tipos de datos, variables y operadores",Videos,video,"Aprende Java desde cero: Variables, Constantes y Operadores Aritméticos",Programación Ats,,,pendiente,https://www.youtube.com/results?search_query=Aprende%20Java%20desde%20cero%3A%20Variables%2C%20Constantes%20y%20Operadores%20Aritm%C3%A9ticos%20Programaci%C3%B3n%20Ats
Mapa_Java.html:1.1:videos:3,Mapa_Java.html,01 · Fundamentos y Sintaxis en Java,"1.1 · Tipos de datos, variables y operadores",Videos,video,"Tutorial de Java Profesional: Variables, Tipos de Datos y Conversión de Tipos",TodoCode,,,pendiente,https://www.youtube.com/results?search_query=Tutorial%20de%20Java%20Profesional%3A%20Variables%2C%20Tipos%20de%20Datos%20y%20Conversi%C3%B3n%20de%20Tipos%20TodoCode
Mapa_Java.html:1.1:videos:4,Mapa_Java.html,01 · Fundamentos y Sintaxis en Java,"1.1 · Tipos de datos, variables y operadores",Videos,video,"Java desde Cero: Variables, Operadores Lógicos y Relacionales",Makigas,,,pendiente,https://www.youtube.com/results?search_query=Java%20desde%20Cero%3A%20Variables%2C%20Operadores%20L%C3%B3gicos%20y%20Relacionales%20Makigas
Mapa_Java.html:1.1:biblio:0,Mapa_Java.html,01 · Fundamentos y Sintaxis en Java,"1.1 · Tipos de datos, variables y operadores",Bibliografía,libro,"Think Java: How to Think Like a Computer Scientist, 2nd Ed.","Allen B. Downey, Chris Mayfield","Cap. 2: Variables and Operators, pp. 15–28",,sugerido,https://www.google.com/search?q=Think%20Java%3A%20How%20to%20Think%20Like%20a%20Computer%20Scientist%2C%202nd%20Ed.%20Allen%20B.%20Downey%2C%20Chris%20Mayfield
Mapa_Java.html:1.1:biblio:1,Mapa_Java.html,01 · Fundamentos y Sintaxis en Java,"1.1 · Tipos de datos, variables y operadores",Bibliografía,libro,Aprenda Java como si estuviera en primero,Javier García de Jalón et al.,"Cap. 2: Variables y Tipos Primitivos, pp. 16–32",,pendiente,https://www.google.com/search?q=Aprenda%20Java%20como%20si%20estuviera%20en%20primero%20Javier%20Garc%C3%ADa%20de%20Jal%C3%B3n%20et%20al.
Mapa_Java.html:1.1:biblio:2,Mapa_Java.html,01 · Fundamentos y Sintaxis en Java,"1.1 · Tipos de datos, variables y operadores",Bibliografía,libro,The Java Tutorials: Language Basics,Oracle Corporation,"Primitive Data Types and Variables, pp. 1–12",,sugerido,https://www.google.com/search?q=The%20Java%20Tutorials%3A%20Language%20Basics%20Oracle%20Corporation
Mapa_Java.html:1.1:biblio:3,Mapa_Java.html,01 · Fundamentos y Sintaxis en Java,"1.1 · Tipos de datos, variables y operadores",Bibliografía,libro,"Introduction to Programming Using Java, 9th Ed.",David J. Eck,"Cap. 2: Names and Things, pp. 25–55",,sugerido,https://www.google.com/search?q=Introduction%20to%20Programming%20Using%20Java%2C%209th%20Ed.%20David%20J.%20Eck
Mapa_Java.html:1.1:biblio:4,Mapa_Java.html,01 · Fundamentos y Sintaxis en Java,"1.1 · Tipos de datos, variables y operadores",Bibliografía,libro,Fundamentos de Programación en Java,UNAM,"Unidad 2: Elementos Básicos, pp. 18–35",,pendiente,https://www.google.com/search?q=Fundamentos%20de%20Programaci%C3%B3n%20en%20Java%20UNAM
Mapa_Java.html:1.1:practica:0,Mapa_Java.html,01 · Fundamentos y Sintaxis en Java,"1.1 · Tipos de datos, variables y operadores",Práctica,practica,Ejercicios resueltos de Variables y Operadores en Java,Programación Ats · YouTube,,,pendiente,https://www.google.com/search?q=Ejercicios%20resueltos%20de%20Variables%20y%20Operadores%20en%20Java%20Programaci%C3%B3n%20Ats%20%C2%B7%20YouTube
Mapa_Java.html:1.1:practica:1,Mapa_Java.html,01 · Fundamentos y Sintaxis en Java,"1.1 · Tipos de datos, variables y operadores",Práctica,practica,Annalyn's Infiltration y Lasagna,Exercism Java Track,,,sugerido,https://www.google.com/search?q=Annalyn's%20Infiltration%20y%20Lasagna%20Exercism%20Java%20Track
Mapa_Java.html:1.1:practica:2,Mapa_Java.html,01 · Fundamentos y Sintaxis en Java,"1.1 · Tipos de datos, variables y operadores",Práctica,practica,Ejercicios 01_variables y 02_operators,mouredev/hello-java · GitHub,,,sugerido,https://www.google.com/search?q=Ejercicios%2001_variables%20y%2002_operators%20mouredev%2Fhello-java%20%C2%B7%20GitHub
Mapa_Java.html:1.1:practica:3,Mapa_Java.html,01 · Fundamentos y Sintaxis en Java,"1.1 · Tipos de datos, variables y operadores",Práctica,practica,Java Stdin/Stdout I & II y Java Datatypes,HackerRank Java Track,,,pendiente,https://www.google.com/search?q=Java%20Stdin%2FStdout%20I%20%26%20II%20y%20Java%20Datatypes%20HackerRank%20Java%20Track
Mapa_Java.html:1.1:practica:4,Mapa_Java.html,01 · Fundamentos y Sintaxis en Java,"1.1 · Tipos de datos, variables y operadores",Práctica,practica,"Think Java, 2nd Ed. · Sección 2.11: Exercises",Libro de texto · pp. 29–30,,,sugerido,https://www.google.com/search?q=Think%20Java%2C%202nd%20Ed.%20%C2%B7%20Secci%C3%B3n%202.11%3A%20Exercises%20Libro%20de%20texto%20%C2%B7%20pp.%2029%E2%80%9330
Mapa_Java.html:1.2:videos:0,Mapa_Java.html,01 · Fundamentos y Sintaxis en Java,"1.2 · Estructuras de control (condicionales, bucles)",Videos,video,Curso de Java desde cero: Estructuras de Control e Iteración,MoureDev,,,pendiente,https://www.youtube.com/results?search_query=Curso%20de%20Java%20desde%20cero%3A%20Estructuras%20de%20Control%20e%20Iteraci%C3%B3n%20MoureDev
Mapa_Java.html:1.2:videos:1,Mapa_Java.html,01 · Fundamentos y Sintaxis en Java,"1.2 · Estructuras de control (condicionales, bucles)",Videos,video,"Condicionales (if, else, switch) y Bucles (for, while, do-while)",pildorasinformaticas,,,pendiente,https://www.youtube.com/results?search_query=Condicionales%20(if%2C%20else%2C%20switch)%20y%20Bucles%20(for%2C%20while%2C%20do-while)%20pildorasinformaticas
Mapa_Java.html:1.2:videos:2,Mapa_Java.html,01 · Fundamentos y Sintaxis en Java,"1.2 · Estructuras de control (condicionales, bucles)",Videos,video,Java desde Cero: Control de Flujo y Sentencias Condicionales,Makigas,,,pendiente,https://www.youtube.com/results?search_query=Java%20desde%20Cero%3A%20Control%20de%20Flujo%20y%20Sentencias%20Condicionales%20Makigas
Mapa_Java.html:1.2:videos:3,Mapa_Java.html,01 · Fundamentos y Sintaxis en Java,"1.2 · Estructuras de control (condicionales, bucles)",Videos,video,Aprende Java: Bucles e Iteraciones en Java Moderno,Programación Ats,,,pendiente,https://www.youtube.com/results?search_query=Aprende%20Java%3A%20Bucles%20e%20Iteraciones%20en%20Java%20Moderno%20Programaci%C3%B3n%20Ats
Mapa_Java.html:1.2:videos:4,Mapa_Java.html,01 · Fundamentos y Sintaxis en Java,"1.2 · Estructuras de control (condicionales, bucles)",Videos,video,Java Profesional: Estructuras Repetitivas y Evaluación Condicional,TodoCode,,,pendiente,https://www.youtube.com/results?search_query=Java%20Profesional%3A%20Estructuras%20Repetitivas%20y%20Evaluaci%C3%B3n%20Condicional%20TodoCode
Mapa_Java.html:1.2:biblio:0,Mapa_Java.html,01 · Fundamentos y Sintaxis en Java,"1.2 · Estructuras de control (condicionales, bucles)",Bibliografía,libro,"Think Java, 2nd Ed.",Downey & Mayfield,Cap. 3 (pp. 31–44) y Cap. 6 (pp. 71–84),,sugerido,https://www.google.com/search?q=Think%20Java%2C%202nd%20Ed.%20Downey%20%26%20Mayfield
Mapa_Java.html:1.2:biblio:1,Mapa_Java.html,01 · Fundamentos y Sintaxis en Java,"1.2 · Estructuras de control (condicionales, bucles)",Bibliografía,libro,Aprenda Java como si estuviera en primero,García de Jalón et al.,"Cap. 3: Sentencias de Control, pp. 46–70",,pendiente,https://www.google.com/search?q=Aprenda%20Java%20como%20si%20estuviera%20en%20primero%20Garc%C3%ADa%20de%20Jal%C3%B3n%20et%20al.
Mapa_Java.html:1.2:biblio:2,Mapa_Java.html,01 · Fundamentos y Sintaxis en Java,"1.2 · Estructuras de control (condicionales, bucles)",Bibliografía,libro,The Java Tutorials: Control Flow Statements,Oracle,"Java SE Documentation, pp. 1–18",,sugerido,https://www.google.com/search?q=The%20Java%20Tutorials%3A%20Control%20Flow%20Statements%20Oracle
Mapa_Java.html:1.2:biblio:3,Mapa_Java.html,01 · Fundamentos y Sintaxis en Java,"1.2 · Estructuras de control (condicionales, bucles)",Bibliografía,libro,"Introduction to Programming Using Java, 9th Ed.",David J. Eck,"Cap. 3: Control, pp. 61–105",,sugerido,https://www.google.com/search?q=Introduction%20to%20Programming%20Using%20Java%2C%209th%20Ed.%20David%20J.%20Eck
Mapa_Java.html:1.2:biblio:4,Mapa_Java.html,01 · Fundamentos y Sintaxis en Java,"1.2 · Estructuras de control (condicionales, bucles)",Bibliografía,libro,Guía de Lógica de Programación y Control de Flujo en Java,UPM,"Cap. 2, pp. 12–30 (OCW)",,pendiente,https://www.google.com/search?q=Gu%C3%ADa%20de%20L%C3%B3gica%20de%20Programaci%C3%B3n%20y%20Control%20de%20Flujo%20en%20Java%20UPM
Mapa_Java.html:1.2:practica:0,Mapa_Java.html,01 · Fundamentos y Sintaxis en Java,"1.2 · Estructuras de control (condicionales, bucles)",Práctica,practica,Ejercicios resueltos de Condicionales y Bucles,Programación Ats · YouTube,,,pendiente,https://www.google.com/search?q=Ejercicios%20resueltos%20de%20Condicionales%20y%20Bucles%20Programaci%C3%B3n%20Ats%20%C2%B7%20YouTube
Mapa_Java.html:1.2:practica:1,Mapa_Java.html,01 · Fundamentos y Sintaxis en Java,"1.2 · Estructuras de control (condicionales, bucles)",Práctica,practica,Fizz Buzz y Palindrome Number,LeetCode,,,pendiente,https://www.google.com/search?q=Fizz%20Buzz%20y%20Palindrome%20Number%20LeetCode
Mapa_Java.html:1.2:practica:2,Mapa_Java.html,01 · Fundamentos y Sintaxis en Java,"1.2 · Estructuras de control (condicionales, bucles)",Práctica,practica,03_conditionals y 04_loops,mouredev/hello-java · GitHub,,,sugerido,https://www.google.com/search?q=03_conditionals%20y%2004_loops%20mouredev%2Fhello-java%20%C2%B7%20GitHub
Mapa_Java.html:1.2:practica:3,Mapa_Java.html,01 · Fundamentos y Sintaxis en Java,"1.2 · Estructuras de control (condicionales, bucles)",Práctica,practica,Katas 8 kyu · Java · Control Flow,CodeWars,,,pendiente,https://www.google.com/search?q=Katas%208%20kyu%20%C2%B7%20Java%20%C2%B7%20Control%20Flow%20CodeWars
Mapa_Java.html:1.2:practica:4,Mapa_Java.html,01 · Fundamentos y Sintaxis en Java,"1.2 · Estructuras de control (condicionales, bucles)",Práctica,practica,Think Java · Sección 6.9: Exercises,Libro de texto · pp. 83–84,,,sugerido,https://www.google.com/search?q=Think%20Java%20%C2%B7%20Secci%C3%B3n%206.9%3A%20Exercises%20Libro%20de%20texto%20%C2%B7%20pp.%2083%E2%80%9384
Mapa_Java.html:1.3:videos:0,Mapa_Java.html,01 · Fundamentos y Sintaxis en Java,1.3 · Arrays y estructuras básicas,Videos,video,Curso de Java desde cero: Arrays y Arreglos Multidimensionales,MoureDev,,,pendiente,https://www.youtube.com/results?search_query=Curso%20de%20Java%20desde%20cero%3A%20Arrays%20y%20Arreglos%20Multidimensionales%20MoureDev
Mapa_Java.html:1.3:videos:1,Mapa_Java.html,01 · Fundamentos y Sintaxis en Java,1.3 · Arrays y estructuras básicas,Videos,video,Curso de Java: Matrices y Arreglos en Java,pildorasinformaticas,,,pendiente,https://www.youtube.com/results?search_query=Curso%20de%20Java%3A%20Matrices%20y%20Arreglos%20en%20Java%20pildorasinformaticas
Mapa_Java.html:1.3:videos:2,Mapa_Java.html,01 · Fundamentos y Sintaxis en Java,1.3 · Arrays y estructuras básicas,Videos,video,Java desde Cero: Arrays y Recorrido de Arreglos,Makigas,,,pendiente,https://www.youtube.com/results?search_query=Java%20desde%20Cero%3A%20Arrays%20y%20Recorrido%20de%20Arreglos%20Makigas
Mapa_Java.html:1.3:videos:3,Mapa_Java.html,01 · Fundamentos y Sintaxis en Java,1.3 · Arrays y estructuras básicas,Videos,video,Aprende Java: Vectores y Matrices Paso a Paso,Programación Ats,,,pendiente,https://www.youtube.com/results?search_query=Aprende%20Java%3A%20Vectores%20y%20Matrices%20Paso%20a%20Paso%20Programaci%C3%B3n%20Ats
Mapa_Java.html:1.3:videos:4,Mapa_Java.html,01 · Fundamentos y Sintaxis en Java,1.3 · Arrays y estructuras básicas,Videos,video,Manejo de Arreglos y Recorrido con For-Each,TodoCode,,,pendiente,https://www.youtube.com/results?search_query=Manejo%20de%20Arreglos%20y%20Recorrido%20con%20For-Each%20TodoCode
Mapa_Java.html:1.3:biblio:0,Mapa_Java.html,01 · Fundamentos y Sintaxis en Java,1.3 · Arrays y estructuras básicas,Bibliografía,libro,"Think Java, 2nd Ed.",Downey & Mayfield,"Cap. 7 y Cap. 8: Arrays, pp. 85–110",,sugerido,https://www.google.com/search?q=Think%20Java%2C%202nd%20Ed.%20Downey%20%26%20Mayfield
Mapa_Java.html:1.3:biblio:1,Mapa_Java.html,01 · Fundamentos y Sintaxis en Java,1.3 · Arrays y estructuras básicas,Bibliografía,libro,Aprenda Java como si estuviera en primero,García de Jalón et al.,"Cap. 6: Arrays, pp. 131–150",,pendiente,https://www.google.com/search?q=Aprenda%20Java%20como%20si%20estuviera%20en%20primero%20Garc%C3%ADa%20de%20Jal%C3%B3n%20et%20al.
Mapa_Java.html:1.3:biblio:2,Mapa_Java.html,01 · Fundamentos y Sintaxis en Java,1.3 · Arrays y estructuras básicas,Bibliografía,libro,The Java Tutorials: Arrays,Oracle,"Language Basics, pp. 1–10",,sugerido,https://www.google.com/search?q=The%20Java%20Tutorials%3A%20Arrays%20Oracle
Mapa_Java.html:1.3:biblio:3,Mapa_Java.html,01 · Fundamentos y Sintaxis en Java,1.3 · Arrays y estructuras básicas,Bibliografía,libro,"Introduction to Programming Using Java, 9th Ed.",David J. Eck,"Cap. 7: Arrays & ArrayLists, pp. 315–340",,sugerido,https://www.google.com/search?q=Introduction%20to%20Programming%20Using%20Java%2C%209th%20Ed.%20David%20J.%20Eck
Mapa_Java.html:1.3:biblio:4,Mapa_Java.html,01 · Fundamentos y Sintaxis en Java,1.3 · Arrays y estructuras básicas,Bibliografía,libro,Java Language Specification: Arrays,OpenJDK,"Capítulo 10, pp. 301–315",,pendiente,https://www.google.com/search?q=Java%20Language%20Specification%3A%20Arrays%20OpenJDK
Mapa_Java.html:1.3:practica:0,Mapa_Java.html,01 · Fundamentos y Sintaxis en Java,1.3 · Arrays y estructuras básicas,Práctica,practica,Ejercicios Resueltos de Arreglos 1D y 2D,Programación Ats · YouTube,,,pendiente,https://www.google.com/search?q=Ejercicios%20Resueltos%20de%20Arreglos%201D%20y%202D%20Programaci%C3%B3n%20Ats%20%C2%B7%20YouTube
Mapa_Java.html:1.3:practica:1,Mapa_Java.html,01 · Fundamentos y Sintaxis en Java,1.3 · Arrays y estructuras básicas,Práctica,practica,Java 1D Array y Java 2D Array,HackerRank Java Track,,,pendiente,https://www.google.com/search?q=Java%201D%20Array%20y%20Java%202D%20Array%20HackerRank%20Java%20Track
Mapa_Java.html:1.3:practica:2,Mapa_Java.html,01 · Fundamentos y Sintaxis en Java,1.3 · Arrays y estructuras básicas,Práctica,practica,05_arrays,mouredev/hello-java · GitHub,,,sugerido,https://www.google.com/search?q=05_arrays%20mouredev%2Fhello-java%20%C2%B7%20GitHub
Mapa_Java.html:1.3:practica:3,Mapa_Java.html,01 · Fundamentos y Sintaxis en Java,1.3 · Arrays y estructuras básicas,Práctica,practica,Bird Watcher,Exercism Java Track,,,sugerido,https://www.google.com/search?q=Bird%20Watcher%20Exercism%20Java%20Track
Mapa_Java.html:1.3:practica:4,Mapa_Java.html,01 · Fundamentos y Sintaxis en Java,1.3 · Arrays y estructuras básicas,Práctica,practica,Aprenda Java · Sección 6.5: Ejercicios de Arrays,Libro · pp. 151–154,,,pendiente,https://www.google.com/search?q=Aprenda%20Java%20%C2%B7%20Secci%C3%B3n%206.5%3A%20Ejercicios%20de%20Arrays%20Libro%20%C2%B7%20pp.%20151%E2%80%93154
Mapa_Java.html:1.4:videos:0,Mapa_Java.html,01 · Fundamentos y Sintaxis en Java,1.4 · Introducción a clases y objetos,Videos,video,"Curso de Java desde cero: Clases, Objetos y Métodos",MoureDev,,,pendiente,https://www.youtube.com/results?search_query=Curso%20de%20Java%20desde%20cero%3A%20Clases%2C%20Objetos%20y%20M%C3%A9todos%20MoureDev
Mapa_Java.html:1.4:videos:1,Mapa_Java.html,01 · Fundamentos y Sintaxis en Java,1.4 · Introducción a clases y objetos,Videos,video,POO I (Clases y Constructores),pildorasinformaticas,,,pendiente,https://www.youtube.com/results?search_query=POO%20I%20(Clases%20y%20Constructores)%20pildorasinformaticas
Mapa_Java.html:1.4:videos:2,Mapa_Java.html,01 · Fundamentos y Sintaxis en Java,1.4 · Introducción a clases y objetos,Videos,video,Java desde Cero: Objetos y Clases en Java,Makigas,,,pendiente,https://www.youtube.com/results?search_query=Java%20desde%20Cero%3A%20Objetos%20y%20Clases%20en%20Java%20Makigas
Mapa_Java.html:1.4:videos:3,Mapa_Java.html,01 · Fundamentos y Sintaxis en Java,1.4 · Introducción a clases y objetos,Videos,video,"POO en Java: Creación de Clases, Instanciación y Métodos",Programación Ats,,,pendiente,https://www.youtube.com/results?search_query=POO%20en%20Java%3A%20Creaci%C3%B3n%20de%20Clases%2C%20Instanciaci%C3%B3n%20y%20M%C3%A9todos%20Programaci%C3%B3n%20Ats
Mapa_Java.html:1.4:videos:4,Mapa_Java.html,01 · Fundamentos y Sintaxis en Java,1.4 · Introducción a clases y objetos,Videos,video,Introducción a la Programación Orientada a Objetos,TodoCode,,,pendiente,https://www.youtube.com/results?search_query=Introducci%C3%B3n%20a%20la%20Programaci%C3%B3n%20Orientada%20a%20Objetos%20TodoCode
Mapa_Java.html:1.4:biblio:0,Mapa_Java.html,01 · Fundamentos y Sintaxis en Java,1.4 · Introducción a clases y objetos,Bibliografía,libro,"Think Java, 2nd Ed.",Downey & Mayfield,"Cap. 10 y 11: Objects & Classes, pp. 125–154",,sugerido,https://www.google.com/search?q=Think%20Java%2C%202nd%20Ed.%20Downey%20%26%20Mayfield
Mapa_Java.html:1.4:biblio:1,Mapa_Java.html,01 · Fundamentos y Sintaxis en Java,1.4 · Introducción a clases y objetos,Bibliografía,libro,Aprenda Java como si estuviera en primero,García de Jalón et al.,"Cap. 4: Clases y Objetos, pp. 71–95",,pendiente,https://www.google.com/search?q=Aprenda%20Java%20como%20si%20estuviera%20en%20primero%20Garc%C3%ADa%20de%20Jal%C3%B3n%20et%20al.
Mapa_Java.html:1.4:biblio:2,Mapa_Java.html,01 · Fundamentos y Sintaxis en Java,1.4 · Introducción a clases y objetos,Bibliografía,libro,The Java Tutorials: Classes and Objects,Oracle,"OOP Concepts, pp. 1–25",,sugerido,https://www.google.com/search?q=The%20Java%20Tutorials%3A%20Classes%20and%20Objects%20Oracle
Mapa_Java.html:1.4:biblio:3,Mapa_Java.html,01 · Fundamentos y Sintaxis en Java,1.4 · Introducción a clases y objetos,Bibliografía,libro,"Introduction to Programming Using Java, 9th Ed.",David J. Eck,"Cap. 5: Objects and Classes, pp. 195–235",,sugerido,https://www.google.com/search?q=Introduction%20to%20Programming%20Using%20Java%2C%209th%20Ed.%20David%20J.%20Eck
Mapa_Java.html:1.4:biblio:4,Mapa_Java.html,01 · Fundamentos y Sintaxis en Java,1.4 · Introducción a clases y objetos,Bibliografía,libro,Modelado de Clases y Objetos en Java,UNAL,"Módulo 1, pp. 1–30",,pendiente,https://www.google.com/search?q=Modelado%20de%20Clases%20y%20Objetos%20en%20Java%20UNAL
Mapa_Java.html:1.4:practica:0,Mapa_Java.html,01 · Fundamentos y Sintaxis en Java,1.4 · Introducción a clases y objetos,Práctica,practica,Ejercicios resueltos de Clases y Métodos,Programación Ats · YouTube,,,pendiente,https://www.google.com/search?q=Ejercicios%20resueltos%20de%20Clases%20y%20M%C3%A9todos%20Programaci%C3%B3n%20Ats%20%C2%B7%20YouTube
Mapa_Java.html:1.4:practica:1,Mapa_Java.html,01 · Fundamentos y Sintaxis en Java,1.4 · Introducción a clases y objetos,Práctica,practica,06_classes_objects,mouredev/hello-java · GitHub,,,sugerido,https://www.google.com/search?q=06_classes_objects%20mouredev%2Fhello-java%20%C2%B7%20GitHub
Mapa_Java.html:1.4:practica:2,Mapa_Java.html,01 · Fundamentos y Sintaxis en Java,1.4 · Introducción a clases y objetos,Práctica,practica,Elons Toys y Remote Control Competition,Exercism Java Track,,,sugerido,https://www.google.com/search?q=Elons%20Toys%20y%20Remote%20Control%20Competition%20Exercism%20Java%20Track
Mapa_Java.html:1.4:practica:3,Mapa_Java.html,01 · Fundamentos y Sintaxis en Java,1.4 · Introducción a clases y objetos,Práctica,practica,Java Inheritance I · Instanciación,HackerRank,,,pendiente,https://www.google.com/search?q=Java%20Inheritance%20I%20%C2%B7%20Instanciaci%C3%B3n%20HackerRank
Mapa_Java.html:1.4:practica:4,Mapa_Java.html,01 · Fundamentos y Sintaxis en Java,1.4 · Introducción a clases y objetos,Práctica,practica,Think Java · Sección 11.8: Exercises,Libro · pp. 152–154,,,sugerido,https://www.google.com/search?q=Think%20Java%20%C2%B7%20Secci%C3%B3n%2011.8%3A%20Exercises%20Libro%20%C2%B7%20pp.%20152%E2%80%93154
Mapa_Java.html:2.1:videos:0,Mapa_Java.html,02 · POO Avanzada en Java,2.1 · Herencia e interfaces,Videos,video,Curso de Java desde cero: Herencia e Interfaces,MoureDev,,,pendiente,https://www.youtube.com/results?search_query=Curso%20de%20Java%20desde%20cero%3A%20Herencia%20e%20Interfaces%20MoureDev
Mapa_Java.html:2.1:videos:1,Mapa_Java.html,02 · POO Avanzada en Java,2.1 · Herencia e interfaces,Videos,video,Herencia e Interfaces en la Práctica,pildorasinformaticas,,,pendiente,https://www.youtube.com/results?search_query=Herencia%20e%20Interfaces%20en%20la%20Pr%C3%A1ctica%20pildorasinformaticas
Mapa_Java.html:2.1:videos:2,Mapa_Java.html,02 · POO Avanzada en Java,2.1 · Herencia e interfaces,Videos,video,"POO Avanzada: Herencia, Super y Reescritura de Métodos",Makigas,,,pendiente,https://www.youtube.com/results?search_query=POO%20Avanzada%3A%20Herencia%2C%20Super%20y%20Reescritura%20de%20M%C3%A9todos%20Makigas
Mapa_Java.html:2.1:videos:3,Mapa_Java.html,02 · POO Avanzada en Java,2.1 · Herencia e interfaces,Videos,video,Programación en Java: Interfaces y Jerarquías de Clases,Programación Ats,,,pendiente,https://www.youtube.com/results?search_query=Programaci%C3%B3n%20en%20Java%3A%20Interfaces%20y%20Jerarqu%C3%ADas%20de%20Clases%20Programaci%C3%B3n%20Ats
Mapa_Java.html:2.1:videos:4,Mapa_Java.html,02 · POO Avanzada en Java,2.1 · Herencia e interfaces,Videos,video,Implementación de Interfaces y Herencia Múltiple Sintética,TodoCode,,,pendiente,https://www.youtube.com/results?search_query=Implementaci%C3%B3n%20de%20Interfaces%20y%20Herencia%20M%C3%BAltiple%20Sint%C3%A9tica%20TodoCode
Mapa_Java.html:2.1:biblio:0,Mapa_Java.html,02 · POO Avanzada en Java,2.1 · Herencia e interfaces,Bibliografía,libro,"Think Java, 2nd Ed.",Downey & Mayfield,"Cap. 14: Extending Classes, pp. 185–200",,sugerido,https://www.google.com/search?q=Think%20Java%2C%202nd%20Ed.%20Downey%20%26%20Mayfield
Mapa_Java.html:2.1:biblio:1,Mapa_Java.html,02 · POO Avanzada en Java,2.1 · Herencia e interfaces,Bibliografía,libro,Aprenda Java como si estuviera en primero,García de Jalón et al.,"Cap. 4 (Herencia), pp. 96–110",,pendiente,https://www.google.com/search?q=Aprenda%20Java%20como%20si%20estuviera%20en%20primero%20Garc%C3%ADa%20de%20Jal%C3%B3n%20et%20al.
Mapa_Java.html:2.1:biblio:2,Mapa_Java.html,02 · POO Avanzada en Java,2.1 · Herencia e interfaces,Bibliografía,libro,The Java Tutorials: Interfaces and Inheritance,Oracle,pp. 1–22,,sugerido,https://www.google.com/search?q=The%20Java%20Tutorials%3A%20Interfaces%20and%20Inheritance%20Oracle
Mapa_Java.html:2.1:biblio:3,Mapa_Java.html,02 · POO Avanzada en Java,2.1 · Herencia e interfaces,Bibliografía,libro,"Introduction to Programming Using Java, 9th Ed.",David J. Eck,"Cap. 5: Inheritance & Interfaces, pp. 236–260",,sugerido,https://www.google.com/search?q=Introduction%20to%20Programming%20Using%20Java%2C%209th%20Ed.%20David%20J.%20Eck
Mapa_Java.html:2.1:biblio:4,Mapa_Java.html,02 · POO Avanzada en Java,2.1 · Herencia e interfaces,Bibliografía,libro,Apuntes de Herencia e Interfaces en Java,U. de Chile,"DCC, pp. 1–25",,pendiente,https://www.google.com/search?q=Apuntes%20de%20Herencia%20e%20Interfaces%20en%20Java%20U.%20de%20Chile
Mapa_Java.html:2.1:practica:0,Mapa_Java.html,02 · POO Avanzada en Java,2.1 · Herencia e interfaces,Práctica,practica,Ejercicios Resueltos de Herencia e Interfaces,Programación Ats · YouTube,,,pendiente,https://www.google.com/search?q=Ejercicios%20Resueltos%20de%20Herencia%20e%20Interfaces%20Programaci%C3%B3n%20Ats%20%C2%B7%20YouTube
Mapa_Java.html:2.1:practica:1,Mapa_Java.html,02 · POO Avanzada en Java,2.1 · Herencia e interfaces,Práctica,practica,Wizards and Warriors,Exercism Java Track,,,sugerido,https://www.google.com/search?q=Wizards%20and%20Warriors%20Exercism%20Java%20Track
Mapa_Java.html:2.1:practica:2,Mapa_Java.html,02 · POO Avanzada en Java,2.1 · Herencia e interfaces,Práctica,practica,07_inheritance_interfaces,mouredev/hello-java · GitHub,,,sugerido,https://www.google.com/search?q=07_inheritance_interfaces%20mouredev%2Fhello-java%20%C2%B7%20GitHub
Mapa_Java.html:2.1:practica:3,Mapa_Java.html,02 · POO Avanzada en Java,2.1 · Herencia e interfaces,Práctica,practica,Java Interface y Java Method Overriding,HackerRank,,,pendiente,https://www.google.com/search?q=Java%20Interface%20y%20Java%20Method%20Overriding%20HackerRank
Mapa_Java.html:2.1:practica:4,Mapa_Java.html,02 · POO Avanzada en Java,2.1 · Herencia e interfaces,Práctica,practica,Think Java · Sección 14.7: Exercises,Libro · pp. 198–200,,,sugerido,https://www.google.com/search?q=Think%20Java%20%C2%B7%20Secci%C3%B3n%2014.7%3A%20Exercises%20Libro%20%C2%B7%20pp.%20198%E2%80%93200
Mapa_Java.html:2.2:videos:0,Mapa_Java.html,02 · POO Avanzada en Java,2.2 · Polimorfismo y clases abstractas,Videos,video,Curso de Java desde cero: Polimorfismo y Clases Abstractas,MoureDev,,,pendiente,https://www.youtube.com/results?search_query=Curso%20de%20Java%20desde%20cero%3A%20Polimorfismo%20y%20Clases%20Abstractas%20MoureDev
Mapa_Java.html:2.2:videos:1,Mapa_Java.html,02 · POO Avanzada en Java,2.2 · Polimorfismo y clases abstractas,Videos,video,Polimorfismo en Acción y Clases Abstractas,pildorasinformaticas,,,pendiente,https://www.youtube.com/results?search_query=Polimorfismo%20en%20Acci%C3%B3n%20y%20Clases%20Abstractas%20pildorasinformaticas
Mapa_Java.html:2.2:videos:2,Mapa_Java.html,02 · POO Avanzada en Java,2.2 · Polimorfismo y clases abstractas,Videos,video,Java Avanzado: Clases Abstractas vs Interfaces y Polimorfismo,Makigas,,,pendiente,https://www.youtube.com/results?search_query=Java%20Avanzado%3A%20Clases%20Abstractas%20vs%20Interfaces%20y%20Polimorfismo%20Makigas
Mapa_Java.html:2.2:videos:3,Mapa_Java.html,02 · POO Avanzada en Java,2.2 · Polimorfismo y clases abstractas,Videos,video,POO en Java: Polimorfismo y Métodos Abstractos,Programación Ats,,,pendiente,https://www.youtube.com/results?search_query=POO%20en%20Java%3A%20Polimorfismo%20y%20M%C3%A9todos%20Abstractos%20Programaci%C3%B3n%20Ats
Mapa_Java.html:2.2:videos:4,Mapa_Java.html,02 · POO Avanzada en Java,2.2 · Polimorfismo y clases abstractas,Videos,video,Concepto de Polimorfismo con Ejemplos Prácticos,TodoCode,,,pendiente,https://www.youtube.com/results?search_query=Concepto%20de%20Polimorfismo%20con%20Ejemplos%20Pr%C3%A1cticos%20TodoCode
Mapa_Java.html:2.2:biblio:0,Mapa_Java.html,02 · POO Avanzada en Java,2.2 · Polimorfismo y clases abstractas,Bibliografía,libro,"Think Java, 2nd Ed.",Downey & Mayfield,"Cap. 15: Abstract Objects, pp. 201–215",,sugerido,https://www.google.com/search?q=Think%20Java%2C%202nd%20Ed.%20Downey%20%26%20Mayfield
Mapa_Java.html:2.2:biblio:1,Mapa_Java.html,02 · POO Avanzada en Java,2.2 · Polimorfismo y clases abstractas,Bibliografía,libro,Aprenda Java como si estuviera en primero,García de Jalón et al.,"Cap. 4: Abstractas y Polimorfismo, pp. 111–120",,pendiente,https://www.google.com/search?q=Aprenda%20Java%20como%20si%20estuviera%20en%20primero%20Garc%C3%ADa%20de%20Jal%C3%B3n%20et%20al.
Mapa_Java.html:2.2:biblio:2,Mapa_Java.html,02 · POO Avanzada en Java,2.2 · Polimorfismo y clases abstractas,Bibliografía,libro,The Java Tutorials: Abstract Methods and Classes,Oracle,pp. 1–10,,sugerido,https://www.google.com/search?q=The%20Java%20Tutorials%3A%20Abstract%20Methods%20and%20Classes%20Oracle
Mapa_Java.html:2.2:biblio:3,Mapa_Java.html,02 · POO Avanzada en Java,2.2 · Polimorfismo y clases abstractas,Bibliografía,libro,"Introduction to Programming Using Java, 9th Ed.",David J. Eck,"Cap. 5.5, pp. 245–258",,sugerido,https://www.google.com/search?q=Introduction%20to%20Programming%20Using%20Java%2C%209th%20Ed.%20David%20J.%20Eck
Mapa_Java.html:2.2:biblio:4,Mapa_Java.html,02 · POO Avanzada en Java,2.2 · Polimorfismo y clases abstractas,Bibliografía,libro,Guía Teórico-Práctica de Polimorfismo en Java,UNAD,pp. 10–30,,pendiente,https://www.google.com/search?q=Gu%C3%ADa%20Te%C3%B3rico-Pr%C3%A1ctica%20de%20Polimorfismo%20en%20Java%20UNAD
Mapa_Java.html:2.2:practica:0,Mapa_Java.html,02 · POO Avanzada en Java,2.2 · Polimorfismo y clases abstractas,Práctica,practica,Ejercicios Resueltos de Polimorfismo y Clases Abstractas,Programación Ats · YouTube,,,pendiente,https://www.google.com/search?q=Ejercicios%20Resueltos%20de%20Polimorfismo%20y%20Clases%20Abstractas%20Programaci%C3%B3n%20Ats%20%C2%B7%20YouTube
Mapa_Java.html:2.2:practica:1,Mapa_Java.html,02 · POO Avanzada en Java,2.2 · Polimorfismo y clases abstractas,Práctica,practica,Elons Toys (Polymorphic Design),Exercism Java Track,,,sugerido,https://www.google.com/search?q=Elons%20Toys%20(Polymorphic%20Design)%20Exercism%20Java%20Track
Mapa_Java.html:2.2:practica:2,Mapa_Java.html,02 · POO Avanzada en Java,2.2 · Polimorfismo y clases abstractas,Práctica,practica,08_polymorphism_abstraction,mouredev/hello-java · GitHub,,,sugerido,https://www.google.com/search?q=08_polymorphism_abstraction%20mouredev%2Fhello-java%20%C2%B7%20GitHub
Mapa_Java.html:2.2:practica:3,Mapa_Java.html,02 · POO Avanzada en Java,2.2 · Polimorfismo y clases abstractas,Práctica,practica,Java Abstract Class,HackerRank,,,pendiente,https://www.google.com/search?q=Java%20Abstract%20Class%20HackerRank
Mapa_Java.html:2.2:practica:4,Mapa_Java.html,02 · POO Avanzada en Java,2.2 · Polimorfismo y clases abstractas,Práctica,practica,Think Java · Sección 15.6: Exercises,Libro · pp. 213–215,,,sugerido,https://www.google.com/search?q=Think%20Java%20%C2%B7%20Secci%C3%B3n%2015.6%3A%20Exercises%20Libro%20%C2%B7%20pp.%20213%E2%80%93215
Mapa_Java.html:2.3:videos:0,Mapa_Java.html,02 · POO Avanzada en Java,2.3 · Encapsulamiento y modificadores de acceso,Videos,video,Curso de Java desde cero: Encapsulamiento y Modificadores,MoureDev,,,pendiente,https://www.youtube.com/results?search_query=Curso%20de%20Java%20desde%20cero%3A%20Encapsulamiento%20y%20Modificadores%20MoureDev
Mapa_Java.html:2.3:videos:1,Mapa_Java.html,02 · POO Avanzada en Java,2.3 · Encapsulamiento y modificadores de acceso,Videos,video,"Encapsulamiento, Getters y Setters",pildorasinformaticas,,,pendiente,https://www.youtube.com/results?search_query=Encapsulamiento%2C%20Getters%20y%20Setters%20pildorasinformaticas
Mapa_Java.html:2.3:videos:2,Mapa_Java.html,02 · POO Avanzada en Java,2.3 · Encapsulamiento y modificadores de acceso,Videos,video,"POO Java: Modificadores de Acceso (Public, Private, Protected)",Makigas,,,pendiente,https://www.youtube.com/results?search_query=POO%20Java%3A%20Modificadores%20de%20Acceso%20(Public%2C%20Private%2C%20Protected)%20Makigas
Mapa_Java.html:2.3:videos:3,Mapa_Java.html,02 · POO Avanzada en Java,2.3 · Encapsulamiento y modificadores de acceso,Videos,video,Aprende Java: Ocultamiento de Información y Modificadores,Programación Ats,,,pendiente,https://www.youtube.com/results?search_query=Aprende%20Java%3A%20Ocultamiento%20de%20Informaci%C3%B3n%20y%20Modificadores%20Programaci%C3%B3n%20Ats
Mapa_Java.html:2.3:videos:4,Mapa_Java.html,02 · POO Avanzada en Java,2.3 · Encapsulamiento y modificadores de acceso,Videos,video,Java Profesional: Encapsulamiento y Métodos de Acceso,TodoCode,,,pendiente,https://www.youtube.com/results?search_query=Java%20Profesional%3A%20Encapsulamiento%20y%20M%C3%A9todos%20de%20Acceso%20TodoCode
Mapa_Java.html:2.3:biblio:0,Mapa_Java.html,02 · POO Avanzada en Java,2.3 · Encapsulamiento y modificadores de acceso,Bibliografía,libro,"Think Java, 2nd Ed.",Downey & Mayfield,"Cap. 11: Mutators & Getters, pp. 140–150",,sugerido,https://www.google.com/search?q=Think%20Java%2C%202nd%20Ed.%20Downey%20%26%20Mayfield
Mapa_Java.html:2.3:biblio:1,Mapa_Java.html,02 · POO Avanzada en Java,2.3 · Encapsulamiento y modificadores de acceso,Bibliografía,libro,Aprenda Java como si estuviera en primero,García de Jalón et al.,"Cap. 4.3: Paquetes y Acceso, pp. 85–95",,pendiente,https://www.google.com/search?q=Aprenda%20Java%20como%20si%20estuviera%20en%20primero%20Garc%C3%ADa%20de%20Jal%C3%B3n%20et%20al.
Mapa_Java.html:2.3:biblio:2,Mapa_Java.html,02 · POO Avanzada en Java,2.3 · Encapsulamiento y modificadores de acceso,Bibliografía,libro,The Java Tutorials: Controlling Access to Members,Oracle,pp. 1–8,,sugerido,https://www.google.com/search?q=The%20Java%20Tutorials%3A%20Controlling%20Access%20to%20Members%20Oracle
Mapa_Java.html:2.3:biblio:3,Mapa_Java.html,02 · POO Avanzada en Java,2.3 · Encapsulamiento y modificadores de acceso,Bibliografía,libro,"Introduction to Programming Using Java, 9th Ed.",David J. Eck,"Cap. 5.2: Access Modifiers, pp. 205–215",,sugerido,https://www.google.com/search?q=Introduction%20to%20Programming%20Using%20Java%2C%209th%20Ed.%20David%20J.%20Eck
Mapa_Java.html:2.3:biblio:4,Mapa_Java.html,02 · POO Avanzada en Java,2.3 · Encapsulamiento y modificadores de acceso,Bibliografía,libro,Encapsulamiento y Control de Acceso en LOO,UPV,"RiuNet, pp. 1–18",,pendiente,https://www.google.com/search?q=Encapsulamiento%20y%20Control%20de%20Acceso%20en%20LOO%20UPV
Mapa_Java.html:2.3:practica:0,Mapa_Java.html,02 · POO Avanzada en Java,2.3 · Encapsulamiento y modificadores de acceso,Práctica,practica,Ejercicios Resueltos de Encapsulamiento y Get/Set,Programación Ats · YouTube,,,pendiente,https://www.google.com/search?q=Ejercicios%20Resueltos%20de%20Encapsulamiento%20y%20Get%2FSet%20Programaci%C3%B3n%20Ats%20%C2%B7%20YouTube
Mapa_Java.html:2.3:practica:1,Mapa_Java.html,02 · POO Avanzada en Java,2.3 · Encapsulamiento y modificadores de acceso,Práctica,practica,09_encapsulation,mouredev/hello-java · GitHub,,,sugerido,https://www.google.com/search?q=09_encapsulation%20mouredev%2Fhello-java%20%C2%B7%20GitHub
Mapa_Java.html:2.3:practica:2,Mapa_Java.html,02 · POO Avanzada en Java,2.3 · Encapsulamiento y modificadores de acceso,Práctica,practica,Squeaky Clean,Exercism Java Track,,,sugerido,https://www.google.com/search?q=Squeaky%20Clean%20Exercism%20Java%20Track
Mapa_Java.html:2.3:practica:3,Mapa_Java.html,02 · POO Avanzada en Java,2.3 · Encapsulamiento y modificadores de acceso,Práctica,practica,Katas de Encapsulamiento en Java,CodeWars,,,pendiente,https://www.google.com/search?q=Katas%20de%20Encapsulamiento%20en%20Java%20CodeWars
Mapa_Java.html:2.3:practica:4,Mapa_Java.html,02 · POO Avanzada en Java,2.3 · Encapsulamiento y modificadores de acceso,Práctica,practica,Eck · Ejercicios del Capítulo 5,Libro · pp. 261–264,,,pendiente,https://www.google.com/search?q=Eck%20%C2%B7%20Ejercicios%20del%20Cap%C3%ADtulo%205%20Libro%20%C2%B7%20pp.%20261%E2%80%93264
Mapa_Java.html:2.4:videos:0,Mapa_Java.html,02 · POO Avanzada en Java,2.4 · Manejo de excepciones (try-catch-finally),Videos,video,Curso de Java desde cero: Manejo de Excepciones y Errores,MoureDev,,,pendiente,https://www.youtube.com/results?search_query=Curso%20de%20Java%20desde%20cero%3A%20Manejo%20de%20Excepciones%20y%20Errores%20MoureDev
Mapa_Java.html:2.4:videos:1,Mapa_Java.html,02 · POO Avanzada en Java,2.4 · Manejo de excepciones (try-catch-finally),Videos,video,"Excepciones (Try-Catch, Throws, Excepciones Custom)",pildorasinformaticas,,,pendiente,https://www.youtube.com/results?search_query=Excepciones%20(Try-Catch%2C%20Throws%2C%20Excepciones%20Custom)%20pildorasinformaticas
Mapa_Java.html:2.4:videos:2,Mapa_Java.html,02 · POO Avanzada en Java,2.4 · Manejo de excepciones (try-catch-finally),Videos,video,Java Avanzado: Captura y Lanzamiento de Excepciones,Makigas,,,pendiente,https://www.youtube.com/results?search_query=Java%20Avanzado%3A%20Captura%20y%20Lanzamiento%20de%20Excepciones%20Makigas
Mapa_Java.html:2.4:videos:3,Mapa_Java.html,02 · POO Avanzada en Java,2.4 · Manejo de excepciones (try-catch-finally),Videos,video,Aprende Java: Excepciones Verificadas y No Verificadas,Programación Ats,,,pendiente,https://www.youtube.com/results?search_query=Aprende%20Java%3A%20Excepciones%20Verificadas%20y%20No%20Verificadas%20Programaci%C3%B3n%20Ats
Mapa_Java.html:2.4:videos:4,Mapa_Java.html,02 · POO Avanzada en Java,2.4 · Manejo de excepciones (try-catch-finally),Videos,video,Manejo de Errores con Try-Catch y Finally,TodoCode,,,pendiente,https://www.youtube.com/results?search_query=Manejo%20de%20Errores%20con%20Try-Catch%20y%20Finally%20TodoCode
Mapa_Java.html:2.4:biblio:0,Mapa_Java.html,02 · POO Avanzada en Java,2.4 · Manejo de excepciones (try-catch-finally),Bibliografía,libro,"Think Java, 2nd Ed.",Downey & Mayfield,"Cap. 12: Exceptions, pp. 155–168",,sugerido,https://www.google.com/search?q=Think%20Java%2C%202nd%20Ed.%20Downey%20%26%20Mayfield
Mapa_Java.html:2.4:biblio:1,Mapa_Java.html,02 · POO Avanzada en Java,2.4 · Manejo de excepciones (try-catch-finally),Bibliografía,libro,Aprenda Java como si estuviera en primero,García de Jalón et al.,"Cap. 5: Excepciones, pp. 111–130",,pendiente,https://www.google.com/search?q=Aprenda%20Java%20como%20si%20estuviera%20en%20primero%20Garc%C3%ADa%20de%20Jal%C3%B3n%20et%20al.
Mapa_Java.html:2.4:biblio:2,Mapa_Java.html,02 · POO Avanzada en Java,2.4 · Manejo de excepciones (try-catch-finally),Bibliografía,libro,The Java Tutorials: Lesson Exceptions,Oracle,pp. 1–20,,sugerido,https://www.google.com/search?q=The%20Java%20Tutorials%3A%20Lesson%20Exceptions%20Oracle
Mapa_Java.html:2.4:biblio:3,Mapa_Java.html,02 · POO Avanzada en Java,2.4 · Manejo de excepciones (try-catch-finally),Bibliografía,libro,"Introduction to Programming Using Java, 9th Ed.",David J. Eck,"Cap. 8.3, pp. 385–402",,sugerido,https://www.google.com/search?q=Introduction%20to%20Programming%20Using%20Java%2C%209th%20Ed.%20David%20J.%20Eck
Mapa_Java.html:2.4:biblio:4,Mapa_Java.html,02 · POO Avanzada en Java,2.4 · Manejo de excepciones (try-catch-finally),Bibliografía,libro,Tratamiento de Excepciones en Java,U. de Sevilla,"idUS, pp. 1–22",,pendiente,https://www.google.com/search?q=Tratamiento%20de%20Excepciones%20en%20Java%20U.%20de%20Sevilla
Mapa_Java.html:2.4:practica:0,Mapa_Java.html,02 · POO Avanzada en Java,2.4 · Manejo de excepciones (try-catch-finally),Práctica,practica,Ejercicios Resueltos de Excepciones,Programación Ats · YouTube,,,pendiente,https://www.google.com/search?q=Ejercicios%20Resueltos%20de%20Excepciones%20Programaci%C3%B3n%20Ats%20%C2%B7%20YouTube
Mapa_Java.html:2.4:practica:1,Mapa_Java.html,02 · POO Avanzada en Java,2.4 · Manejo de excepciones (try-catch-finally),Práctica,practica,Java Exception Handling y Try-catch,HackerRank,,,pendiente,https://www.google.com/search?q=Java%20Exception%20Handling%20y%20Try-catch%20HackerRank
Mapa_Java.html:2.4:practica:2,Mapa_Java.html,02 · POO Avanzada en Java,2.4 · Manejo de excepciones (try-catch-finally),Práctica,practica,10_exceptions,mouredev/hello-java · GitHub,,,sugerido,https://www.google.com/search?q=10_exceptions%20mouredev%2Fhello-java%20%C2%B7%20GitHub
Mapa_Java.html:2.4:practica:3,Mapa_Java.html,02 · POO Avanzada en Java,2.4 · Manejo de excepciones (try-catch-finally),Práctica,practica,Pig Latin (con validación de errores),Exercism Java Track,,,sugerido,https://www.google.com/search?q=Pig%20Latin%20(con%20validaci%C3%B3n%20de%20errores)%20Exercism%20Java%20Track
Mapa_Java.html:2.4:practica:4,Mapa_Java.html,02 · POO Avanzada en Java,2.4 · Manejo de excepciones (try-catch-finally),Práctica,practica,Aprenda Java · Sección 5.6: Ejercicios de Excepciones,Libro · pp. 129–130,,,pendiente,https://www.google.com/search?q=Aprenda%20Java%20%C2%B7%20Secci%C3%B3n%205.6%3A%20Ejercicios%20de%20Excepciones%20Libro%20%C2%B7%20pp.%20129%E2%80%93130
Mapa_Java.html:3.1:videos:0,Mapa_Java.html,03 · Funcionalidades Intermedias del Lenguaje,"3.1 · Colecciones (Collections Framework: List, Map, Set)",Videos,video,"Curso de Java desde cero: Collections Framework (List, Set, Map)",MoureDev,,,pendiente,https://www.youtube.com/results?search_query=Curso%20de%20Java%20desde%20cero%3A%20Collections%20Framework%20(List%2C%20Set%2C%20Map)%20MoureDev
Mapa_Java.html:3.1:videos:1,Mapa_Java.html,03 · Funcionalidades Intermedias del Lenguaje,"3.1 · Colecciones (Collections Framework: List, Map, Set)",Videos,video,"Colecciones (ArrayList, HashMap, HashSet)",pildorasinformaticas,,,pendiente,https://www.youtube.com/results?search_query=Colecciones%20(ArrayList%2C%20HashMap%2C%20HashSet)%20pildorasinformaticas
Mapa_Java.html:3.1:videos:2,Mapa_Java.html,03 · Funcionalidades Intermedias del Lenguaje,"3.1 · Colecciones (Collections Framework: List, Map, Set)",Videos,video,Java desde Cero: Colecciones y Estructuras de Datos,Makigas,,,pendiente,https://www.youtube.com/results?search_query=Java%20desde%20Cero%3A%20Colecciones%20y%20Estructuras%20de%20Datos%20Makigas
Mapa_Java.html:3.1:videos:3,Mapa_Java.html,03 · Funcionalidades Intermedias del Lenguaje,"3.1 · Colecciones (Collections Framework: List, Map, Set)",Videos,video,"Aprende Java: Listas, Conjuntos y Mapas en Java",Programación Ats,,,pendiente,https://www.youtube.com/results?search_query=Aprende%20Java%3A%20Listas%2C%20Conjuntos%20y%20Mapas%20en%20Java%20Programaci%C3%B3n%20Ats
Mapa_Java.html:3.1:videos:4,Mapa_Java.html,03 · Funcionalidades Intermedias del Lenguaje,"3.1 · Colecciones (Collections Framework: List, Map, Set)",Videos,video,Colecciones en Java Explicadas a Fondo,TodoCode,,,pendiente,https://www.youtube.com/results?search_query=Colecciones%20en%20Java%20Explicadas%20a%20Fondo%20TodoCode
Mapa_Java.html:3.1:biblio:0,Mapa_Java.html,03 · Funcionalidades Intermedias del Lenguaje,"3.1 · Colecciones (Collections Framework: List, Map, Set)",Bibliografía,libro,"Think Java, 2nd Ed.",Downey & Mayfield,"Cap. 12: Collections, pp. 169–184",,sugerido,https://www.google.com/search?q=Think%20Java%2C%202nd%20Ed.%20Downey%20%26%20Mayfield
Mapa_Java.html:3.1:biblio:1,Mapa_Java.html,03 · Funcionalidades Intermedias del Lenguaje,"3.1 · Colecciones (Collections Framework: List, Map, Set)",Bibliografía,libro,Aprenda Java como si estuviera en primero,García de Jalón et al.,"Cap. 6.3, pp. 142–160",,pendiente,https://www.google.com/search?q=Aprenda%20Java%20como%20si%20estuviera%20en%20primero%20Garc%C3%ADa%20de%20Jal%C3%B3n%20et%20al.
Mapa_Java.html:3.1:biblio:2,Mapa_Java.html,03 · Funcionalidades Intermedias del Lenguaje,"3.1 · Colecciones (Collections Framework: List, Map, Set)",Bibliografía,libro,The Java Tutorials: Trail Collections,Oracle,pp. 1–35,,sugerido,https://www.google.com/search?q=The%20Java%20Tutorials%3A%20Trail%20Collections%20Oracle
Mapa_Java.html:3.1:biblio:3,Mapa_Java.html,03 · Funcionalidades Intermedias del Lenguaje,"3.1 · Colecciones (Collections Framework: List, Map, Set)",Bibliografía,libro,"Introduction to Programming Using Java, 9th Ed.",David J. Eck,"Cap. 10: Collection Classes, pp. 485–520",,sugerido,https://www.google.com/search?q=Introduction%20to%20Programming%20Using%20Java%2C%209th%20Ed.%20David%20J.%20Eck
Mapa_Java.html:3.1:biblio:4,Mapa_Java.html,03 · Funcionalidades Intermedias del Lenguaje,"3.1 · Colecciones (Collections Framework: List, Map, Set)",Bibliografía,libro,Estructuras de Datos y Colecciones en Java,UC3M,"OCW, pp. 1–40",,pendiente,https://www.google.com/search?q=Estructuras%20de%20Datos%20y%20Colecciones%20en%20Java%20UC3M
Mapa_Java.html:3.1:practica:0,Mapa_Java.html,03 · Funcionalidades Intermedias del Lenguaje,"3.1 · Colecciones (Collections Framework: List, Map, Set)",Práctica,practica,"Ejercicios Resueltos de ArrayList, HashSet y HashMap",Programación Ats · YouTube,,,pendiente,https://www.google.com/search?q=Ejercicios%20Resueltos%20de%20ArrayList%2C%20HashSet%20y%20HashMap%20Programaci%C3%B3n%20Ats%20%C2%B7%20YouTube
Mapa_Java.html:3.1:practica:1,Mapa_Java.html,03 · Funcionalidades Intermedias del Lenguaje,"3.1 · Colecciones (Collections Framework: List, Map, Set)",Práctica,practica,"Java List, Java Map, Java Hashset",HackerRank,,,pendiente,https://www.google.com/search?q=Java%20List%2C%20Java%20Map%2C%20Java%20Hashset%20HackerRank
Mapa_Java.html:3.1:practica:2,Mapa_Java.html,03 · Funcionalidades Intermedias del Lenguaje,"3.1 · Colecciones (Collections Framework: List, Map, Set)",Práctica,practica,11_collections,mouredev/hello-java · GitHub,,,sugerido,https://www.google.com/search?q=11_collections%20mouredev%2Fhello-java%20%C2%B7%20GitHub
Mapa_Java.html:3.1:practica:3,Mapa_Java.html,03 · Funcionalidades Intermedias del Lenguaje,"3.1 · Colecciones (Collections Framework: List, Map, Set)",Práctica,practica,Two Sum y Contains Duplicate,LeetCode,,,pendiente,https://www.google.com/search?q=Two%20Sum%20y%20Contains%20Duplicate%20LeetCode
Mapa_Java.html:3.1:practica:4,Mapa_Java.html,03 · Funcionalidades Intermedias del Lenguaje,"3.1 · Colecciones (Collections Framework: List, Map, Set)",Práctica,practica,Eck · Ejercicios del Capítulo 10,Libro · pp. 535–538,,,pendiente,https://www.google.com/search?q=Eck%20%C2%B7%20Ejercicios%20del%20Cap%C3%ADtulo%2010%20Libro%20%C2%B7%20pp.%20535%E2%80%93538
Mapa_Java.html:3.2:videos:0,Mapa_Java.html,03 · Funcionalidades Intermedias del Lenguaje,3.2 · Expresiones Lambda y Streams,Videos,video,Curso de Java desde cero: Lambdas y Streams,MoureDev,,,pendiente,https://www.youtube.com/results?search_query=Curso%20de%20Java%20desde%20cero%3A%20Lambdas%20y%20Streams%20MoureDev
Mapa_Java.html:3.2:videos:1,Mapa_Java.html,03 · Funcionalidades Intermedias del Lenguaje,3.2 · Expresiones Lambda y Streams,Videos,video,Java Avanzado: Expresiones Lambda y Stream API,pildorasinformaticas,,,pendiente,https://www.youtube.com/results?search_query=Java%20Avanzado%3A%20Expresiones%20Lambda%20y%20Stream%20API%20pildorasinformaticas
Mapa_Java.html:3.2:videos:2,Mapa_Java.html,03 · Funcionalidades Intermedias del Lenguaje,3.2 · Expresiones Lambda y Streams,Videos,video,"Java Funcional: Lambdas, Programación Funcional y Streams",Makigas,,,pendiente,https://www.youtube.com/results?search_query=Java%20Funcional%3A%20Lambdas%2C%20Programaci%C3%B3n%20Funcional%20y%20Streams%20Makigas
Mapa_Java.html:3.2:videos:3,Mapa_Java.html,03 · Funcionalidades Intermedias del Lenguaje,3.2 · Expresiones Lambda y Streams,Videos,video,Manipulación de Datos con Streams y Filter/Map/Reduce,Programación Ats,,,pendiente,https://www.youtube.com/results?search_query=Manipulaci%C3%B3n%20de%20Datos%20con%20Streams%20y%20Filter%2FMap%2FReduce%20Programaci%C3%B3n%20Ats
Mapa_Java.html:3.2:videos:4,Mapa_Java.html,03 · Funcionalidades Intermedias del Lenguaje,3.2 · Expresiones Lambda y Streams,Videos,video,Programación Funcional para Principiantes,TodoCode,,,pendiente,https://www.youtube.com/results?search_query=Programaci%C3%B3n%20Funcional%20para%20Principiantes%20TodoCode
Mapa_Java.html:3.2:biblio:0,Mapa_Java.html,03 · Funcionalidades Intermedias del Lenguaje,3.2 · Expresiones Lambda y Streams,Bibliografía,libro,The Java Tutorials: Lambdas and Aggregate Operations,Oracle,pp. 1–25,,sugerido,https://www.google.com/search?q=The%20Java%20Tutorials%3A%20Lambdas%20and%20Aggregate%20Operations%20Oracle
Mapa_Java.html:3.2:biblio:1,Mapa_Java.html,03 · Funcionalidades Intermedias del Lenguaje,3.2 · Expresiones Lambda y Streams,Bibliografía,libro,"Introduction to Programming Using Java, 9th Ed.",David J. Eck,"Cap. 10.6: Stream API, pp. 521–534",,sugerido,https://www.google.com/search?q=Introduction%20to%20Programming%20Using%20Java%2C%209th%20Ed.%20David%20J.%20Eck
Mapa_Java.html:3.2:biblio:2,Mapa_Java.html,03 · Funcionalidades Intermedias del Lenguaje,3.2 · Expresiones Lambda y Streams,Bibliografía,libro,Java 8 in Action (extractos),Urma et al.,"Cap. 2 & 4: Lambdas and Streams, pp. 35–80",,pendiente,https://www.google.com/search?q=Java%208%20in%20Action%20(extractos)%20Urma%20et%20al.
Mapa_Java.html:3.2:biblio:3,Mapa_Java.html,03 · Funcionalidades Intermedias del Lenguaje,3.2 · Expresiones Lambda y Streams,Bibliografía,libro,Programación Funcional en Java Moderno,UPC,"Apuntes, pp. 1–30 (UPCommons)",,pendiente,https://www.google.com/search?q=Programaci%C3%B3n%20Funcional%20en%20Java%20Moderno%20UPC
Mapa_Java.html:3.2:biblio:4,Mapa_Java.html,03 · Funcionalidades Intermedias del Lenguaje,3.2 · Expresiones Lambda y Streams,Bibliografía,libro,The Stream API Specification,OpenJDK,pp. 1–15,,pendiente,https://www.google.com/search?q=The%20Stream%20API%20Specification%20OpenJDK
Mapa_Java.html:3.2:practica:0,Mapa_Java.html,03 · Funcionalidades Intermedias del Lenguaje,3.2 · Expresiones Lambda y Streams,Práctica,practica,Ejercicios Resueltos de Lambdas y Streams,Programación Ats · YouTube,,,pendiente,https://www.google.com/search?q=Ejercicios%20Resueltos%20de%20Lambdas%20y%20Streams%20Programaci%C3%B3n%20Ats%20%C2%B7%20YouTube
Mapa_Java.html:3.2:practica:1,Mapa_Java.html,03 · Funcionalidades Intermedias del Lenguaje,3.2 · Expresiones Lambda y Streams,Práctica,practica,Gigasecond y DnD Character,Exercism Java Track,,,sugerido,https://www.google.com/search?q=Gigasecond%20y%20DnD%20Character%20Exercism%20Java%20Track
Mapa_Java.html:3.2:practica:2,Mapa_Java.html,03 · Funcionalidades Intermedias del Lenguaje,3.2 · Expresiones Lambda y Streams,Práctica,practica,12_lambdas_streams,mouredev/hello-java · GitHub,,,sugerido,https://www.google.com/search?q=12_lambdas_streams%20mouredev%2Fhello-java%20%C2%B7%20GitHub
Mapa_Java.html:3.2:practica:3,Mapa_Java.html,03 · Funcionalidades Intermedias del Lenguaje,3.2 · Expresiones Lambda y Streams,Práctica,practica,winterbe/java8-tutorial (Streams),GitHub,,,pendiente,https://www.google.com/search?q=winterbe%2Fjava8-tutorial%20(Streams)%20GitHub
Mapa_Java.html:3.2:practica:4,Mapa_Java.html,03 · Funcionalidades Intermedias del Lenguaje,3.2 · Expresiones Lambda y Streams,Práctica,practica,Eck · Ejercicios de Streams del Cap. 10,Libro · pp. 539–540,,,pendiente,https://www.google.com/search?q=Eck%20%C2%B7%20Ejercicios%20de%20Streams%20del%20Cap.%2010%20Libro%20%C2%B7%20pp.%20539%E2%80%93540
Mapa_Java.html:3.3:videos:0,Mapa_Java.html,03 · Funcionalidades Intermedias del Lenguaje,3.3 · Generics,Videos,video,Curso de Java desde cero: Genéricos (Generics),MoureDev,,,pendiente,https://www.youtube.com/results?search_query=Curso%20de%20Java%20desde%20cero%3A%20Gen%C3%A9ricos%20(Generics)%20MoureDev
Mapa_Java.html:3.3:videos:1,Mapa_Java.html,03 · Funcionalidades Intermedias del Lenguaje,3.3 · Generics,Videos,video,Java Avanzado: Clases y Métodos Genéricos,pildorasinformaticas,,,pendiente,https://www.youtube.com/results?search_query=Java%20Avanzado%3A%20Clases%20y%20M%C3%A9todos%20Gen%C3%A9ricos%20pildorasinformaticas
Mapa_Java.html:3.3:videos:2,Mapa_Java.html,03 · Funcionalidades Intermedias del Lenguaje,3.3 · Generics,Videos,video,"Java en Profundidad: Generics y Wildcards (? extends T, ? super T)",Makigas,,,pendiente,https://www.youtube.com/results?search_query=Java%20en%20Profundidad%3A%20Generics%20y%20Wildcards%20(%3F%20extends%20T%2C%20%3F%20super%20T)%20Makigas
Mapa_Java.html:3.3:videos:3,Mapa_Java.html,03 · Funcionalidades Intermedias del Lenguaje,3.3 · Generics,Videos,video,Programación en Java: Programación Genérica Paso a Paso,Programación Ats,,,pendiente,https://www.youtube.com/results?search_query=Programaci%C3%B3n%20en%20Java%3A%20Programaci%C3%B3n%20Gen%C3%A9rica%20Paso%20a%20Paso%20Programaci%C3%B3n%20Ats
Mapa_Java.html:3.3:videos:4,Mapa_Java.html,03 · Funcionalidades Intermedias del Lenguaje,3.3 · Generics,Videos,video,Genéricos y Tipos Comodín Explicados,TodoCode,,,pendiente,https://www.youtube.com/results?search_query=Gen%C3%A9ricos%20y%20Tipos%20Comod%C3%ADn%20Explicados%20TodoCode
Mapa_Java.html:3.3:biblio:0,Mapa_Java.html,03 · Funcionalidades Intermedias del Lenguaje,3.3 · Generics,Bibliografía,libro,The Java Tutorials: Lesson Generics,Oracle,pp. 1–28,,sugerido,https://www.google.com/search?q=The%20Java%20Tutorials%3A%20Lesson%20Generics%20Oracle
Mapa_Java.html:3.3:biblio:1,Mapa_Java.html,03 · Funcionalidades Intermedias del Lenguaje,3.3 · Generics,Bibliografía,libro,"Introduction to Programming Using Java, 9th Ed.",David J. Eck,"Cap. 10.1, pp. 470–484",,sugerido,https://www.google.com/search?q=Introduction%20to%20Programming%20Using%20Java%2C%209th%20Ed.%20David%20J.%20Eck
Mapa_Java.html:3.3:biblio:2,Mapa_Java.html,03 · Funcionalidades Intermedias del Lenguaje,3.3 · Generics,Bibliografía,libro,Aprenda Java como si estuviera en primero,García de Jalón et al.,"Cap. 6.4: Genéricos, pp. 161–170",,pendiente,https://www.google.com/search?q=Aprenda%20Java%20como%20si%20estuviera%20en%20primero%20Garc%C3%ADa%20de%20Jal%C3%B3n%20et%20al.
Mapa_Java.html:3.3:biblio:3,Mapa_Java.html,03 · Funcionalidades Intermedias del Lenguaje,3.3 · Generics,Bibliografía,libro,Tipos Genéricos y Parametrización en Java,UBA,pp. 1–20,,pendiente,https://www.google.com/search?q=Tipos%20Gen%C3%A9ricos%20y%20Parametrizaci%C3%B3n%20en%20Java%20UBA
Mapa_Java.html:3.3:biblio:4,Mapa_Java.html,03 · Funcionalidades Intermedias del Lenguaje,3.3 · Generics,Bibliografía,libro,Java Language Specification: Generics,OpenJDK,"Cap. 4.5, pp. 75–98",,pendiente,https://www.google.com/search?q=Java%20Language%20Specification%3A%20Generics%20OpenJDK
Mapa_Java.html:3.3:practica:0,Mapa_Java.html,03 · Funcionalidades Intermedias del Lenguaje,3.3 · Generics,Práctica,practica,Ejercicios Resueltos de Clases y Métodos Genéricos,Programación Ats · YouTube,,,pendiente,https://www.google.com/search?q=Ejercicios%20Resueltos%20de%20Clases%20y%20M%C3%A9todos%20Gen%C3%A9ricos%20Programaci%C3%B3n%20Ats%20%C2%B7%20YouTube
Mapa_Java.html:3.3:practica:1,Mapa_Java.html,03 · Funcionalidades Intermedias del Lenguaje,3.3 · Generics,Práctica,practica,Java Generic Methods,HackerRank,,,pendiente,https://www.google.com/search?q=Java%20Generic%20Methods%20HackerRank
Mapa_Java.html:3.3:practica:2,Mapa_Java.html,03 · Funcionalidades Intermedias del Lenguaje,3.3 · Generics,Práctica,practica,13_generics,mouredev/hello-java · GitHub,,,sugerido,https://www.google.com/search?q=13_generics%20mouredev%2Fhello-java%20%C2%B7%20GitHub
Mapa_Java.html:3.3:practica:3,Mapa_Java.html,03 · Funcionalidades Intermedias del Lenguaje,3.3 · Generics,Práctica,practica,Custom Set,Exercism Java Track,,,sugerido,https://www.google.com/search?q=Custom%20Set%20Exercism%20Java%20Track
Mapa_Java.html:3.3:practica:4,Mapa_Java.html,03 · Funcionalidades Intermedias del Lenguaje,3.3 · Generics,Práctica,practica,Eck · Ejercicios Cap. 10.1,Libro · pp. 536–537,,,pendiente,https://www.google.com/search?q=Eck%20%C2%B7%20Ejercicios%20Cap.%2010.1%20Libro%20%C2%B7%20pp.%20536%E2%80%93537
Mapa_Java.html:3.4:videos:0,Mapa_Java.html,03 · Funcionalidades Intermedias del Lenguaje,3.4 · Multihilo básico (Threads),Videos,video,Curso de Java desde cero: Concurrencia y Hilos Básicos,MoureDev,,,pendiente,https://www.youtube.com/results?search_query=Curso%20de%20Java%20desde%20cero%3A%20Concurrencia%20y%20Hilos%20B%C3%A1sicos%20MoureDev
Mapa_Java.html:3.4:videos:1,Mapa_Java.html,03 · Funcionalidades Intermedias del Lenguaje,3.4 · Multihilo básico (Threads),Videos,video,Java Avanzado: Programación Multihilo e Hilos,pildorasinformaticas,,,pendiente,https://www.youtube.com/results?search_query=Java%20Avanzado%3A%20Programaci%C3%B3n%20Multihilo%20e%20Hilos%20pildorasinformaticas
Mapa_Java.html:3.4:videos:2,Mapa_Java.html,03 · Funcionalidades Intermedias del Lenguaje,3.4 · Multihilo básico (Threads),Videos,video,"Java Concurrente: Hilos, Runnable y Sincronización Básica",Makigas,,,pendiente,https://www.youtube.com/results?search_query=Java%20Concurrente%3A%20Hilos%2C%20Runnable%20y%20Sincronizaci%C3%B3n%20B%C3%A1sica%20Makigas
Mapa_Java.html:3.4:videos:3,Mapa_Java.html,03 · Funcionalidades Intermedias del Lenguaje,3.4 · Multihilo básico (Threads),Videos,video,Hilos (Threads) y Ciclo de Vida de un Hilo,Programación Ats,,,pendiente,https://www.youtube.com/results?search_query=Hilos%20(Threads)%20y%20Ciclo%20de%20Vida%20de%20un%20Hilo%20Programaci%C3%B3n%20Ats
Mapa_Java.html:3.4:videos:4,Mapa_Java.html,03 · Funcionalidades Intermedias del Lenguaje,3.4 · Multihilo básico (Threads),Videos,video,Introducción a la Concurrencia y Multihilo,TodoCode,,,pendiente,https://www.youtube.com/results?search_query=Introducci%C3%B3n%20a%20la%20Concurrencia%20y%20Multihilo%20TodoCode
Mapa_Java.html:3.4:biblio:0,Mapa_Java.html,03 · Funcionalidades Intermedias del Lenguaje,3.4 · Multihilo básico (Threads),Bibliografía,libro,"Think Java, 2nd Ed.",Downey & Mayfield,"Apéndice E: Multithreading, pp. 240–252",,sugerido,https://www.google.com/search?q=Think%20Java%2C%202nd%20Ed.%20Downey%20%26%20Mayfield
Mapa_Java.html:3.4:biblio:1,Mapa_Java.html,03 · Funcionalidades Intermedias del Lenguaje,3.4 · Multihilo básico (Threads),Bibliografía,libro,The Java Tutorials: Concurrency,Oracle,pp. 1–22,,sugerido,https://www.google.com/search?q=The%20Java%20Tutorials%3A%20Concurrency%20Oracle
Mapa_Java.html:3.4:biblio:2,Mapa_Java.html,03 · Funcionalidades Intermedias del Lenguaje,3.4 · Multihilo básico (Threads),Bibliografía,libro,"Introduction to Programming Using Java, 9th Ed.",David J. Eck,"Cap. 12: Threads, pp. 585–615",,sugerido,https://www.google.com/search?q=Introduction%20to%20Programming%20Using%20Java%2C%209th%20Ed.%20David%20J.%20Eck
Mapa_Java.html:3.4:biblio:3,Mapa_Java.html,03 · Funcionalidades Intermedias del Lenguaje,3.4 · Multihilo básico (Threads),Bibliografía,libro,Aprenda Java como si estuviera en primero,García de Jalón et al.,"Cap. 7: Hilos, pp. 171–190",,pendiente,https://www.google.com/search?q=Aprenda%20Java%20como%20si%20estuviera%20en%20primero%20Garc%C3%ADa%20de%20Jal%C3%B3n%20et%20al.
Mapa_Java.html:3.4:biblio:4,Mapa_Java.html,03 · Funcionalidades Intermedias del Lenguaje,3.4 · Multihilo básico (Threads),Bibliografía,libro,Programación Concurrente en Java,UNLP,"SEDICI, pp. 1–35",,pendiente,https://www.google.com/search?q=Programaci%C3%B3n%20Concurrente%20en%20Java%20UNLP
Mapa_Java.html:3.4:practica:0,Mapa_Java.html,03 · Funcionalidades Intermedias del Lenguaje,3.4 · Multihilo básico (Threads),Práctica,practica,Ejercicios Resueltos de Hilos con Thread y Runnable,Programación Ats · YouTube,,,pendiente,https://www.google.com/search?q=Ejercicios%20Resueltos%20de%20Hilos%20con%20Thread%20y%20Runnable%20Programaci%C3%B3n%20Ats%20%C2%B7%20YouTube
Mapa_Java.html:3.4:practica:1,Mapa_Java.html,03 · Funcionalidades Intermedias del Lenguaje,3.4 · Multihilo básico (Threads),Práctica,practica,Print in Order y Building H2O,LeetCode Concurrency,,,pendiente,https://www.google.com/search?q=Print%20in%20Order%20y%20Building%20H2O%20LeetCode%20Concurrency
Mapa_Java.html:3.4:practica:2,Mapa_Java.html,03 · Funcionalidades Intermedias del Lenguaje,3.4 · Multihilo básico (Threads),Práctica,practica,14_threads,mouredev/hello-java · GitHub,,,sugerido,https://www.google.com/search?q=14_threads%20mouredev%2Fhello-java%20%C2%B7%20GitHub
Mapa_Java.html:3.4:practica:3,Mapa_Java.html,03 · Funcionalidades Intermedias del Lenguaje,3.4 · Multihilo básico (Threads),Práctica,practica,Bank Account (Concurrencia),Exercism Java Track,,,sugerido,https://www.google.com/search?q=Bank%20Account%20(Concurrencia)%20Exercism%20Java%20Track
Mapa_Java.html:3.4:practica:4,Mapa_Java.html,03 · Funcionalidades Intermedias del Lenguaje,3.4 · Multihilo básico (Threads),Práctica,practica,Eck · Ejercicios del Capítulo 12,Libro · pp. 625–628,,,pendiente,https://www.google.com/search?q=Eck%20%C2%B7%20Ejercicios%20del%20Cap%C3%ADtulo%2012%20Libro%20%C2%B7%20pp.%20625%E2%80%93628
Mapa_Java.html:4.1:videos:0,Mapa_Java.html,04 · Proyecto Integrador (JDBC · Swing),4.1 · Conexión a base de datos (JDBC),Videos,video,Curso de Java desde cero: Conexión a BD con JDBC,MoureDev,,,pendiente,https://www.youtube.com/results?search_query=Curso%20de%20Java%20desde%20cero%3A%20Conexi%C3%B3n%20a%20BD%20con%20JDBC%20MoureDev
Mapa_Java.html:4.1:videos:1,Mapa_Java.html,04 · Proyecto Integrador (JDBC · Swing),4.1 · Conexión a base de datos (JDBC),Videos,video,Java y Bases de Datos: JDBC Paso a Paso,pildorasinformaticas,,,pendiente,https://www.youtube.com/results?search_query=Java%20y%20Bases%20de%20Datos%3A%20JDBC%20Paso%20a%20Paso%20pildorasinformaticas
Mapa_Java.html:4.1:videos:2,Mapa_Java.html,04 · Proyecto Integrador (JDBC · Swing),4.1 · Conexión a base de datos (JDBC),Videos,video,Java y Persistencia: JDBC con PostgreSQL y MySQL,Makigas,,,pendiente,https://www.youtube.com/results?search_query=Java%20y%20Persistencia%3A%20JDBC%20con%20PostgreSQL%20y%20MySQL%20Makigas
Mapa_Java.html:4.1:videos:3,Mapa_Java.html,04 · Proyecto Integrador (JDBC · Swing),4.1 · Conexión a base de datos (JDBC),Videos,video,Conexión Java a MySQL/PostgreSQL mediante JDBC,Programación Ats,,,pendiente,https://www.youtube.com/results?search_query=Conexi%C3%B3n%20Java%20a%20MySQL%2FPostgreSQL%20mediante%20JDBC%20Programaci%C3%B3n%20Ats
Mapa_Java.html:4.1:videos:4,Mapa_Java.html,04 · Proyecto Integrador (JDBC · Swing),4.1 · Conexión a base de datos (JDBC),Videos,video,Conectar Java con Base de Datos usando JDBC,TodoCode,,,pendiente,https://www.youtube.com/results?search_query=Conectar%20Java%20con%20Base%20de%20Datos%20usando%20JDBC%20TodoCode
Mapa_Java.html:4.1:biblio:0,Mapa_Java.html,04 · Proyecto Integrador (JDBC · Swing),4.1 · Conexión a base de datos (JDBC),Bibliografía,libro,JDBC Database Access Documentation,Oracle,"Java SE, pp. 1–30",,sugerido,https://www.google.com/search?q=JDBC%20Database%20Access%20Documentation%20Oracle
Mapa_Java.html:4.1:biblio:1,Mapa_Java.html,04 · Proyecto Integrador (JDBC · Swing),4.1 · Conexión a base de datos (JDBC),Bibliografía,libro,"Introduction to Programming Using Java, 9th Ed.",David J. Eck,"Cap. 13.1: JDBC, pp. 630–645",,sugerido,https://www.google.com/search?q=Introduction%20to%20Programming%20Using%20Java%2C%209th%20Ed.%20David%20J.%20Eck
Mapa_Java.html:4.1:biblio:2,Mapa_Java.html,04 · Proyecto Integrador (JDBC · Swing),4.1 · Conexión a base de datos (JDBC),Bibliografía,libro,Acceso a BD en Java mediante JDBC,U. de Alicante,"RUA, pp. 1–28",,pendiente,https://www.google.com/search?q=Acceso%20a%20BD%20en%20Java%20mediante%20JDBC%20U.%20de%20Alicante
Mapa_Java.html:4.1:biblio:3,Mapa_Java.html,04 · Proyecto Integrador (JDBC · Swing),4.1 · Conexión a base de datos (JDBC),Bibliografía,libro,PostgreSQL JDBC Driver Documentation,PostgreSQL,"jdbc.postgresql.org, pp. 1–20",,pendiente,https://www.google.com/search?q=PostgreSQL%20JDBC%20Driver%20Documentation%20PostgreSQL
Mapa_Java.html:4.1:biblio:4,Mapa_Java.html,04 · Proyecto Integrador (JDBC · Swing),4.1 · Conexión a base de datos (JDBC),Bibliografía,libro,Persistencia de Datos en Java,U. de Granada,"DIGIBUG, pp. 1–32",,pendiente,https://www.google.com/search?q=Persistencia%20de%20Datos%20en%20Java%20U.%20de%20Granada
Mapa_Java.html:4.1:practica:0,Mapa_Java.html,04 · Proyecto Integrador (JDBC · Swing),4.1 · Conexión a base de datos (JDBC),Práctica,practica,Ejercicios Resueltos de Conexión JDBC,Programación Ats · YouTube,,,pendiente,https://www.google.com/search?q=Ejercicios%20Resueltos%20de%20Conexi%C3%B3n%20JDBC%20Programaci%C3%B3n%20Ats%20%C2%B7%20YouTube
Mapa_Java.html:4.1:practica:1,Mapa_Java.html,04 · Proyecto Integrador (JDBC · Swing),4.1 · Conexión a base de datos (JDBC),Práctica,practica,15_jdbc_base,mouredev/hello-java · GitHub,,,sugerido,https://www.google.com/search?q=15_jdbc_base%20mouredev%2Fhello-java%20%C2%B7%20GitHub
Mapa_Java.html:4.1:practica:2,Mapa_Java.html,04 · Proyecto Integrador (JDBC · Swing),4.1 · Conexión a base de datos (JDBC),Práctica,practica,oracle-samples/oracle-db-examples (Java/JDBC),GitHub,,,sugerido,https://www.google.com/search?q=oracle-samples%2Foracle-db-examples%20(Java%2FJDBC)%20GitHub
Mapa_Java.html:4.1:practica:3,Mapa_Java.html,04 · Proyecto Integrador (JDBC · Swing),4.1 · Conexión a base de datos (JDBC),Práctica,practica,Rest API (Simulación de Persistencia),Exercism,,,sugerido,https://www.google.com/search?q=Rest%20API%20(Simulaci%C3%B3n%20de%20Persistencia)%20Exercism
Mapa_Java.html:4.1:practica:4,Mapa_Java.html,04 · Proyecto Integrador (JDBC · Swing),4.1 · Conexión a base de datos (JDBC),Práctica,practica,Eck · Ejercicios JDBC del Cap. 13,Libro · pp. 660–662,,,pendiente,https://www.google.com/search?q=Eck%20%C2%B7%20Ejercicios%20JDBC%20del%20Cap.%2013%20Libro%20%C2%B7%20pp.%20660%E2%80%93662
Mapa_Java.html:4.2:videos:0,Mapa_Java.html,04 · Proyecto Integrador (JDBC · Swing),4.2 · Sentencias SQL desde Java,Videos,video,Curso de Java desde cero: Consultas SQL y PreparedStatement,MoureDev,,,pendiente,https://www.youtube.com/results?search_query=Curso%20de%20Java%20desde%20cero%3A%20Consultas%20SQL%20y%20PreparedStatement%20MoureDev
Mapa_Java.html:4.2:videos:1,Mapa_Java.html,04 · Proyecto Integrador (JDBC · Swing),4.2 · Sentencias SQL desde Java,Videos,video,"Java JDBC: Consultas, Inserciones y PreparedStatement",pildorasinformaticas,,,pendiente,https://www.youtube.com/results?search_query=Java%20JDBC%3A%20Consultas%2C%20Inserciones%20y%20PreparedStatement%20pildorasinformaticas
Mapa_Java.html:4.2:videos:2,Mapa_Java.html,04 · Proyecto Integrador (JDBC · Swing),4.2 · Sentencias SQL desde Java,Videos,video,Java JDBC: Operaciones CRUD y Prevención de SQL Injection,Makigas,,,pendiente,https://www.youtube.com/results?search_query=Java%20JDBC%3A%20Operaciones%20CRUD%20y%20Prevenci%C3%B3n%20de%20SQL%20Injection%20Makigas
Mapa_Java.html:4.2:videos:3,Mapa_Java.html,04 · Proyecto Integrador (JDBC · Swing),4.2 · Sentencias SQL desde Java,Videos,video,Aprende Java: Ejecución de Sentencias SQL desde Java,Programación Ats,,,pendiente,https://www.youtube.com/results?search_query=Aprende%20Java%3A%20Ejecuci%C3%B3n%20de%20Sentencias%20SQL%20desde%20Java%20Programaci%C3%B3n%20Ats
Mapa_Java.html:4.2:videos:4,Mapa_Java.html,04 · Proyecto Integrador (JDBC · Swing),4.2 · Sentencias SQL desde Java,Videos,video,CRUD Completo con JDBC y MySQL/PostgreSQL,TodoCode,,,pendiente,https://www.youtube.com/results?search_query=CRUD%20Completo%20con%20JDBC%20y%20MySQL%2FPostgreSQL%20TodoCode
Mapa_Java.html:4.2:biblio:0,Mapa_Java.html,04 · Proyecto Integrador (JDBC · Swing),4.2 · Sentencias SQL desde Java,Bibliografía,libro,The Java Tutorials: Using PreparedStatements,Oracle,"JDBC Basics, pp. 1–15",,sugerido,https://www.google.com/search?q=The%20Java%20Tutorials%3A%20Using%20PreparedStatements%20Oracle
Mapa_Java.html:4.2:biblio:1,Mapa_Java.html,04 · Proyecto Integrador (JDBC · Swing),4.2 · Sentencias SQL desde Java,Bibliografía,libro,"Introduction to Programming Using Java, 9th Ed.",David J. Eck,"Cap. 13.2, pp. 646–658",,sugerido,https://www.google.com/search?q=Introduction%20to%20Programming%20Using%20Java%2C%209th%20Ed.%20David%20J.%20Eck
Mapa_Java.html:4.2:biblio:2,Mapa_Java.html,04 · Proyecto Integrador (JDBC · Swing),4.2 · Sentencias SQL desde Java,Bibliografía,libro,Inyección SQL y Uso Seguro de PreparedStatement,UPM,"OCW, pp. 1–20",,pendiente,https://www.google.com/search?q=Inyecci%C3%B3n%20SQL%20y%20Uso%20Seguro%20de%20PreparedStatement%20UPM
Mapa_Java.html:4.2:biblio:3,Mapa_Java.html,04 · Proyecto Integrador (JDBC · Swing),4.2 · Sentencias SQL desde Java,Bibliografía,libro,SQL Injection Prevention Cheat Sheet in Java,OWASP,"owasp.org, pp. 1–12",,pendiente,https://www.google.com/search?q=SQL%20Injection%20Prevention%20Cheat%20Sheet%20in%20Java%20OWASP
Mapa_Java.html:4.2:biblio:4,Mapa_Java.html,04 · Proyecto Integrador (JDBC · Swing),4.2 · Sentencias SQL desde Java,Bibliografía,libro,Desarrollo de Sistemas Persistentes con Java y SQL,U. de Valencia,"RODERIC, pp. 1–35",,pendiente,https://www.google.com/search?q=Desarrollo%20de%20Sistemas%20Persistentes%20con%20Java%20y%20SQL%20U.%20de%20Valencia
Mapa_Java.html:4.2:practica:0,Mapa_Java.html,04 · Proyecto Integrador (JDBC · Swing),4.2 · Sentencias SQL desde Java,Práctica,practica,Ejercicios Resueltos de CRUD Completo con PreparedStatement,Programación Ats · YouTube,,,pendiente,https://www.google.com/search?q=Ejercicios%20Resueltos%20de%20CRUD%20Completo%20con%20PreparedStatement%20Programaci%C3%B3n%20Ats%20%C2%B7%20YouTube
Mapa_Java.html:4.2:practica:1,Mapa_Java.html,04 · Proyecto Integrador (JDBC · Swing),4.2 · Sentencias SQL desde Java,Práctica,practica,Java DB Connectivity and SQL Execution,HackerRank,,,pendiente,https://www.google.com/search?q=Java%20DB%20Connectivity%20and%20SQL%20Execution%20HackerRank
Mapa_Java.html:4.2:practica:2,Mapa_Java.html,04 · Proyecto Integrador (JDBC · Swing),4.2 · Sentencias SQL desde Java,Práctica,practica,16_jdbc_crud,mouredev/hello-java · GitHub,,,sugerido,https://www.google.com/search?q=16_jdbc_crud%20mouredev%2Fhello-java%20%C2%B7%20GitHub
Mapa_Java.html:4.2:practica:3,Mapa_Java.html,04 · Proyecto Integrador (JDBC · Swing),4.2 · Sentencias SQL desde Java,Práctica,practica,Database Track: Integración SQL con Lógica de Negocio,LeetCode,,,pendiente,https://www.google.com/search?q=Database%20Track%3A%20Integraci%C3%B3n%20SQL%20con%20L%C3%B3gica%20de%20Negocio%20LeetCode
Mapa_Java.html:4.2:practica:4,Mapa_Java.html,04 · Proyecto Integrador (JDBC · Swing),4.2 · Sentencias SQL desde Java,Práctica,practica,Eck · Ejercicios Cap. 13.2,Libro · pp. 662–664,,,pendiente,https://www.google.com/search?q=Eck%20%C2%B7%20Ejercicios%20Cap.%2013.2%20Libro%20%C2%B7%20pp.%20662%E2%80%93664
Mapa_Java.html:4.3:videos:0,Mapa_Java.html,04 · Proyecto Integrador (JDBC · Swing),4.3 · Interfaz gráfica básica (Swing/AWT),Videos,video,Curso de Java desde cero: Interfaces Gráficas con Swing,MoureDev,,,pendiente,https://www.youtube.com/results?search_query=Curso%20de%20Java%20desde%20cero%3A%20Interfaces%20Gr%C3%A1ficas%20con%20Swing%20MoureDev
Mapa_Java.html:4.3:videos:1,Mapa_Java.html,04 · Proyecto Integrador (JDBC · Swing),4.3 · Interfaz gráfica básica (Swing/AWT),Videos,video,Interfaces Gráficas con Swing y AWT,pildorasinformaticas,,,pendiente,https://www.youtube.com/results?search_query=Interfaces%20Gr%C3%A1ficas%20con%20Swing%20y%20AWT%20pildorasinformaticas
Mapa_Java.html:4.3:videos:2,Mapa_Java.html,04 · Proyecto Integrador (JDBC · Swing),4.3 · Interfaz gráfica básica (Swing/AWT),Videos,video,"Java GUI: Ventanas, Botones y Manejo de Eventos en Swing",Makigas,,,pendiente,https://www.youtube.com/results?search_query=Java%20GUI%3A%20Ventanas%2C%20Botones%20y%20Manejo%20de%20Eventos%20en%20Swing%20Makigas
Mapa_Java.html:4.3:videos:3,Mapa_Java.html,04 · Proyecto Integrador (JDBC · Swing),4.3 · Interfaz gráfica básica (Swing/AWT),Videos,video,Formularios Gráficos con JFrame y JPanel,Programación Ats,,,pendiente,https://www.youtube.com/results?search_query=Formularios%20Gr%C3%A1ficos%20con%20JFrame%20y%20JPanel%20Programaci%C3%B3n%20Ats
Mapa_Java.html:4.3:videos:4,Mapa_Java.html,04 · Proyecto Integrador (JDBC · Swing),4.3 · Interfaz gráfica básica (Swing/AWT),Videos,video,Creación de GUI en IntelliJ IDEA,TodoCode,,,pendiente,https://www.youtube.com/results?search_query=Creaci%C3%B3n%20de%20GUI%20en%20IntelliJ%20IDEA%20TodoCode
Mapa_Java.html:4.3:biblio:0,Mapa_Java.html,04 · Proyecto Integrador (JDBC · Swing),4.3 · Interfaz gráfica básica (Swing/AWT),Bibliografía,libro,"Think Java, 2nd Ed.",Downey & Mayfield,"Apéndice B: GUI Graphics, pp. 220–232",,sugerido,https://www.google.com/search?q=Think%20Java%2C%202nd%20Ed.%20Downey%20%26%20Mayfield
Mapa_Java.html:4.3:biblio:1,Mapa_Java.html,04 · Proyecto Integrador (JDBC · Swing),4.3 · Interfaz gráfica básica (Swing/AWT),Bibliografía,libro,Aprenda Java como si estuviera en primero,García de Jalón et al.,"Cap. 8: AWT y Swing, pp. 191–230",,pendiente,https://www.google.com/search?q=Aprenda%20Java%20como%20si%20estuviera%20en%20primero%20Garc%C3%ADa%20de%20Jal%C3%B3n%20et%20al.
Mapa_Java.html:4.3:biblio:2,Mapa_Java.html,04 · Proyecto Integrador (JDBC · Swing),4.3 · Interfaz gráfica básica (Swing/AWT),Bibliografía,libro,The Java Tutorials: Creating a GUI With JFC/Swing,Oracle,pp. 1–40,,sugerido,https://www.google.com/search?q=The%20Java%20Tutorials%3A%20Creating%20a%20GUI%20With%20JFC%2FSwing%20Oracle
Mapa_Java.html:4.3:biblio:3,Mapa_Java.html,04 · Proyecto Integrador (JDBC · Swing),4.3 · Interfaz gráfica básica (Swing/AWT),Bibliografía,libro,"Introduction to Programming Using Java, 9th Ed.",David J. Eck,"Cap. 6: GUI, pp. 265–314",,sugerido,https://www.google.com/search?q=Introduction%20to%20Programming%20Using%20Java%2C%209th%20Ed.%20David%20J.%20Eck
Mapa_Java.html:4.3:biblio:4,Mapa_Java.html,04 · Proyecto Integrador (JDBC · Swing),4.3 · Interfaz gráfica básica (Swing/AWT),Bibliografía,libro,Programación de Interfaces Gráficas en Java Swing,UNS,pp. 1–30,,pendiente,https://www.google.com/search?q=Programaci%C3%B3n%20de%20Interfaces%20Gr%C3%A1ficas%20en%20Java%20Swing%20UNS
Mapa_Java.html:4.3:practica:0,Mapa_Java.html,04 · Proyecto Integrador (JDBC · Swing),4.3 · Interfaz gráfica básica (Swing/AWT),Práctica,practica,Ejercicios Resueltos de Interfaces Gráficas en Swing,Programación Ats · YouTube,,,pendiente,https://www.google.com/search?q=Ejercicios%20Resueltos%20de%20Interfaces%20Gr%C3%A1ficas%20en%20Swing%20Programaci%C3%B3n%20Ats%20%C2%B7%20YouTube
Mapa_Java.html:4.3:practica:1,Mapa_Java.html,04 · Proyecto Integrador (JDBC · Swing),4.3 · Interfaz gráfica básica (Swing/AWT),Práctica,practica,17_swing_gui,mouredev/hello-java · GitHub,,,sugerido,https://www.google.com/search?q=17_swing_gui%20mouredev%2Fhello-java%20%C2%B7%20GitHub
Mapa_Java.html:4.3:practica:2,Mapa_Java.html,04 · Proyecto Integrador (JDBC · Swing),4.3 · Interfaz gráfica básica (Swing/AWT),Práctica,practica,GUI Event Listener Simulation,Exercism,,,sugerido,https://www.google.com/search?q=GUI%20Event%20Listener%20Simulation%20Exercism
Mapa_Java.html:4.3:practica:3,Mapa_Java.html,04 · Proyecto Integrador (JDBC · Swing),4.3 · Interfaz gráfica básica (Swing/AWT),Práctica,practica,Eck · Ejercicios del Capítulo 6,Libro · pp. 310–314,,,pendiente,https://www.google.com/search?q=Eck%20%C2%B7%20Ejercicios%20del%20Cap%C3%ADtulo%206%20Libro%20%C2%B7%20pp.%20310%E2%80%93314
Mapa_Java.html:4.3:practica:4,Mapa_Java.html,04 · Proyecto Integrador (JDBC · Swing),4.3 · Interfaz gráfica básica (Swing/AWT),Práctica,practica,Aprenda Java · Sección 8.8: Ejercicios de Swing,Libro · pp. 228–230,,,pendiente,https://www.google.com/search?q=Aprenda%20Java%20%C2%B7%20Secci%C3%B3n%208.8%3A%20Ejercicios%20de%20Swing%20Libro%20%C2%B7%20pp.%20228%E2%80%93230
Mapa_Java.html:4.4:videos:0,Mapa_Java.html,04 · Proyecto Integrador (JDBC · Swing),4.4 · Proyecto final integrador,Videos,video,Curso de Java desde cero: Proyecto Integrador Completo,MoureDev,,,pendiente,https://www.youtube.com/results?search_query=Curso%20de%20Java%20desde%20cero%3A%20Proyecto%20Integrador%20Completo%20MoureDev
Mapa_Java.html:4.4:videos:1,Mapa_Java.html,04 · Proyecto Integrador (JDBC · Swing),4.4 · Proyecto final integrador,Videos,video,Desarrollo de una Aplicación de Escritorio Completa,pildorasinformaticas,,,pendiente,https://www.youtube.com/results?search_query=Desarrollo%20de%20una%20Aplicaci%C3%B3n%20de%20Escritorio%20Completa%20pildorasinformaticas
Mapa_Java.html:4.4:videos:2,Mapa_Java.html,04 · Proyecto Integrador (JDBC · Swing),4.4 · Proyecto final integrador,Videos,video,Java Avanzado: Arquitectura MVC en Java,Makigas,,,pendiente,https://www.youtube.com/results?search_query=Java%20Avanzado%3A%20Arquitectura%20MVC%20en%20Java%20Makigas
Mapa_Java.html:4.4:videos:3,Mapa_Java.html,04 · Proyecto Integrador (JDBC · Swing),4.4 · Proyecto final integrador,Videos,video,Sistema de Gestión Completo con BD y Swing,Programación Ats,,,pendiente,https://www.youtube.com/results?search_query=Sistema%20de%20Gesti%C3%B3n%20Completo%20con%20BD%20y%20Swing%20Programaci%C3%B3n%20Ats
Mapa_Java.html:4.4:videos:4,Mapa_Java.html,04 · Proyecto Integrador (JDBC · Swing),4.4 · Proyecto final integrador,Videos,video,Proyecto CRUD con Arquitectura en Capas,TodoCode,,,pendiente,https://www.youtube.com/results?search_query=Proyecto%20CRUD%20con%20Arquitectura%20en%20Capas%20TodoCode
Mapa_Java.html:4.4:biblio:0,Mapa_Java.html,04 · Proyecto Integrador (JDBC · Swing),4.4 · Proyecto final integrador,Bibliografía,libro,Architectural Patterns in Java Desktop Apps,Oracle,"Developer Guides, pp. 1–25",,sugerido,https://www.google.com/search?q=Architectural%20Patterns%20in%20Java%20Desktop%20Apps%20Oracle
Mapa_Java.html:4.4:biblio:1,Mapa_Java.html,04 · Proyecto Integrador (JDBC · Swing),4.4 · Proyecto final integrador,Bibliografía,libro,"Introduction to Programming Using Java, 9th Ed.",David J. Eck,"Cap. 13.3, pp. 658–670",,sugerido,https://www.google.com/search?q=Introduction%20to%20Programming%20Using%20Java%2C%209th%20Ed.%20David%20J.%20Eck
Mapa_Java.html:4.4:biblio:2,Mapa_Java.html,04 · Proyecto Integrador (JDBC · Swing),4.4 · Proyecto final integrador,Bibliografía,libro,MVC y Arquitectura en Capas en Java,U. de Cantabria,"OCW, pp. 1–22",,pendiente,https://www.google.com/search?q=MVC%20y%20Arquitectura%20en%20Capas%20en%20Java%20U.%20de%20Cantabria
Mapa_Java.html:4.4:biblio:3,Mapa_Java.html,04 · Proyecto Integrador (JDBC · Swing),4.4 · Proyecto final integrador,Bibliografía,libro,Guía para Proyectos Integradores en Java,UNED,"e-Spacio, pp. 1–40",,pendiente,https://www.google.com/search?q=Gu%C3%ADa%20para%20Proyectos%20Integradores%20en%20Java%20UNED
Mapa_Java.html:4.4:biblio:4,Mapa_Java.html,04 · Proyecto Integrador (JDBC · Swing),4.4 · Proyecto final integrador,Bibliografía,libro,Aprenda Java como si estuviera en primero,García de Jalón et al.,"Cap. 9: Proyecto Completo, pp. 231–250",,pendiente,https://www.google.com/search?q=Aprenda%20Java%20como%20si%20estuviera%20en%20primero%20Garc%C3%ADa%20de%20Jal%C3%B3n%20et%20al.
Mapa_Java.html:4.4:practica:0,Mapa_Java.html,04 · Proyecto Integrador (JDBC · Swing),4.4 · Proyecto final integrador,Práctica,practica,Sistema de Ventas/Inventario en Java (paso a paso),Programación Ats · YouTube,,,pendiente,https://www.google.com/search?q=Sistema%20de%20Ventas%2FInventario%20en%20Java%20(paso%20a%20paso)%20Programaci%C3%B3n%20Ats%20%C2%B7%20YouTube
Mapa_Java.html:4.4:practica:1,Mapa_Java.html,04 · Proyecto Integrador (JDBC · Swing),4.4 · Proyecto final integrador,Práctica,practica,18_final_project,mouredev/hello-java · GitHub,,,sugerido,https://www.google.com/search?q=18_final_project%20mouredev%2Fhello-java%20%C2%B7%20GitHub
Mapa_Java.html:4.4:practica:2,Mapa_Java.html,04 · Proyecto Integrador (JDBC · Swing),4.4 · Proyecto final integrador,Práctica,practica,karan/Projects (Proyectos Integradores Java),GitHub,,,pendiente,https://www.google.com/search?q=karan%2FProjects%20(Proyectos%20Integradores%20Java)%20GitHub
Mapa_Java.html:4.4:practica:3,Mapa_Java.html,04 · Proyecto Integrador (JDBC · Swing),4.4 · Proyecto final integrador,Práctica,practica,Capstone Brotli/Dungeon Crawler,Exercism,,,sugerido,https://www.google.com/search?q=Capstone%20Brotli%2FDungeon%20Crawler%20Exercism
Mapa_Java.html:4.4:practica:4,Mapa_Java.html,04 · Proyecto Integrador (JDBC · Swing),4.4 · Proyecto final integrador,Práctica,practica,Eck · Proyecto Final Cap. 13,Libro · pp. 671–674,,,pendiente,https://www.google.com/search?q=Eck%20%C2%B7%20Proyecto%20Final%20Cap.%2013%20Libro%20%C2%B7%20pp.%20671%E2%80%93674
Mapa_Java.html:5.1:videos:0,Mapa_Java.html,05 · Buenas Prácticas y Control de Versiones,5.1 · Principios SOLID aplicados en Java,Videos,video,Curso de Java desde cero: Principios SOLID Explicados,MoureDev,,,pendiente,https://www.youtube.com/results?search_query=Curso%20de%20Java%20desde%20cero%3A%20Principios%20SOLID%20Explicados%20MoureDev
Mapa_Java.html:5.1:videos:1,Mapa_Java.html,05 · Buenas Prácticas y Control de Versiones,5.1 · Principios SOLID aplicados en Java,Videos,video,Principios SOLID en Java con Ejemplos Prácticos,pildorasinformaticas,,,pendiente,https://www.youtube.com/results?search_query=Principios%20SOLID%20en%20Java%20con%20Ejemplos%20Pr%C3%A1cticos%20pildorasinformaticas
Mapa_Java.html:5.1:videos:2,Mapa_Java.html,05 · Buenas Prácticas y Control de Versiones,5.1 · Principios SOLID aplicados en Java,Videos,video,Arquitectura de Software: Aprende los 5 Principios SOLID,Makigas,,,pendiente,https://www.youtube.com/results?search_query=Arquitectura%20de%20Software%3A%20Aprende%20los%205%20Principios%20SOLID%20Makigas
Mapa_Java.html:5.1:videos:3,Mapa_Java.html,05 · Buenas Prácticas y Control de Versiones,5.1 · Principios SOLID aplicados en Java,Videos,video,Buenas Prácticas en Java: Aplicando SOLID a Tu Código,TodoCode,,,pendiente,https://www.youtube.com/results?search_query=Buenas%20Pr%C3%A1cticas%20en%20Java%3A%20Aplicando%20SOLID%20a%20Tu%20C%C3%B3digo%20TodoCode
Mapa_Java.html:5.1:videos:4,Mapa_Java.html,05 · Buenas Prácticas y Control de Versiones,5.1 · Principios SOLID aplicados en Java,Videos,video,SOLID: Refactorización y Arquitectura Limpia en Java,BettaTech,,,pendiente,https://www.youtube.com/results?search_query=SOLID%3A%20Refactorizaci%C3%B3n%20y%20Arquitectura%20Limpia%20en%20Java%20BettaTech
Mapa_Java.html:5.1:biblio:0,Mapa_Java.html,05 · Buenas Prácticas y Control de Versiones,5.1 · Principios SOLID aplicados en Java,Bibliografía,libro,SOLID Design Principles in OO Languages,Piccioni et al.,"ETH Zurich, pp. 1–25",,pendiente,https://www.google.com/search?q=SOLID%20Design%20Principles%20in%20OO%20Languages%20Piccioni%20et%20al.
Mapa_Java.html:5.1:biblio:1,Mapa_Java.html,05 · Buenas Prácticas y Control de Versiones,5.1 · Principios SOLID aplicados en Java,Bibliografía,libro,Principios de Diseño de Software OO,U. de Salamanca,"Gredos, pp. 1–30",,pendiente,https://www.google.com/search?q=Principios%20de%20Dise%C3%B1o%20de%20Software%20OO%20U.%20de%20Salamanca
Mapa_Java.html:5.1:biblio:2,Mapa_Java.html,05 · Buenas Prácticas y Control de Versiones,5.1 · Principios SOLID aplicados en Java,Bibliografía,libro,Manual de Principios SOLID y Buenas Prácticas en Java,USAC,pp. 1–28,,pendiente,https://www.google.com/search?q=Manual%20de%20Principios%20SOLID%20y%20Buenas%20Pr%C3%A1cticas%20en%20Java%20USAC
Mapa_Java.html:5.1:biblio:3,Mapa_Java.html,05 · Buenas Prácticas y Control de Versiones,5.1 · Principios SOLID aplicados en Java,Bibliografía,libro,OO Design and SOLID Principles,OSSU,pp. 1–35,,pendiente,https://www.google.com/search?q=OO%20Design%20and%20SOLID%20Principles%20OSSU
Mapa_Java.html:5.1:biblio:4,Mapa_Java.html,05 · Buenas Prácticas y Control de Versiones,5.1 · Principios SOLID aplicados en Java,Bibliografía,libro,Best Practices in Java Class Design,Oracle,"Technical Articles, pp. 1–18",,sugerido,https://www.google.com/search?q=Best%20Practices%20in%20Java%20Class%20Design%20Oracle
Mapa_Java.html:5.1:practica:0,Mapa_Java.html,05 · Buenas Prácticas y Control de Versiones,5.1 · Principios SOLID aplicados en Java,Práctica,practica,Refactorización usando Principios SOLID,BettaTech · YouTube,,,pendiente,https://www.google.com/search?q=Refactorizaci%C3%B3n%20usando%20Principios%20SOLID%20BettaTech%20%C2%B7%20YouTube
Mapa_Java.html:5.1:practica:1,Mapa_Java.html,05 · Buenas Prácticas y Control de Versiones,5.1 · Principios SOLID aplicados en Java,Práctica,practica,19_solid,mouredev/hello-java · GitHub,,,sugerido,https://www.google.com/search?q=19_solid%20mouredev%2Fhello-java%20%C2%B7%20GitHub
Mapa_Java.html:5.1:practica:2,Mapa_Java.html,05 · Buenas Prácticas y Control de Versiones,5.1 · Principios SOLID aplicados en Java,Práctica,practica,webpro/solid-principles-java (Katas),GitHub,,,pendiente,https://www.google.com/search?q=webpro%2Fsolid-principles-java%20(Katas)%20GitHub
Mapa_Java.html:5.1:practica:3,Mapa_Java.html,05 · Buenas Prácticas y Control de Versiones,5.1 · Principios SOLID aplicados en Java,Práctica,practica,Katas de Refactorizado y Arquitectura Limpia,Exercism,,,sugerido,https://www.google.com/search?q=Katas%20de%20Refactorizado%20y%20Arquitectura%20Limpia%20Exercism
Mapa_Java.html:5.1:practica:4,Mapa_Java.html,05 · Buenas Prácticas y Control de Versiones,5.1 · Principios SOLID aplicados en Java,Práctica,practica,Piccioni et al. · Sección 4: Exercises,Documento · pp. 26–30,,,pendiente,https://www.google.com/search?q=Piccioni%20et%20al.%20%C2%B7%20Secci%C3%B3n%204%3A%20Exercises%20Documento%20%C2%B7%20pp.%2026%E2%80%9330
Mapa_Java.html:5.2:videos:0,Mapa_Java.html,05 · Buenas Prácticas y Control de Versiones,"5.2 · Patrones de diseño básicos (Singleton, Factory)",Videos,video,Curso de Java desde cero: Patrones Singleton y Factory,MoureDev,,,pendiente,https://www.youtube.com/results?search_query=Curso%20de%20Java%20desde%20cero%3A%20Patrones%20Singleton%20y%20Factory%20MoureDev
Mapa_Java.html:5.2:videos:1,Mapa_Java.html,05 · Buenas Prácticas y Control de Versiones,"5.2 · Patrones de diseño básicos (Singleton, Factory)",Videos,video,Patrones de Diseño en Java: Singleton y Factory Method,pildorasinformaticas,,,pendiente,https://www.youtube.com/results?search_query=Patrones%20de%20Dise%C3%B1o%20en%20Java%3A%20Singleton%20y%20Factory%20Method%20pildorasinformaticas
Mapa_Java.html:5.2:videos:2,Mapa_Java.html,05 · Buenas Prácticas y Control de Versiones,"5.2 · Patrones de diseño básicos (Singleton, Factory)",Videos,video,"Patrones de Diseño: Creacionales (Singleton, Factory)",Makigas,,,pendiente,https://www.youtube.com/results?search_query=Patrones%20de%20Dise%C3%B1o%3A%20Creacionales%20(Singleton%2C%20Factory)%20Makigas
Mapa_Java.html:5.2:videos:3,Mapa_Java.html,05 · Buenas Prácticas y Control de Versiones,"5.2 · Patrones de diseño básicos (Singleton, Factory)",Videos,video,Aprende Patrones de Diseño: Singleton y Factory,TodoCode,,,pendiente,https://www.youtube.com/results?search_query=Aprende%20Patrones%20de%20Dise%C3%B1o%3A%20Singleton%20y%20Factory%20TodoCode
Mapa_Java.html:5.2:videos:4,Mapa_Java.html,05 · Buenas Prácticas y Control de Versiones,"5.2 · Patrones de diseño básicos (Singleton, Factory)",Videos,video,Patrones de Diseño en Java desde Cero,Programación Ats,,,pendiente,https://www.youtube.com/results?search_query=Patrones%20de%20Dise%C3%B1o%20en%20Java%20desde%20Cero%20Programaci%C3%B3n%20Ats
Mapa_Java.html:5.2:biblio:0,Mapa_Java.html,05 · Buenas Prácticas y Control de Versiones,"5.2 · Patrones de diseño básicos (Singleton, Factory)",Bibliografía,libro,Design Patterns (notas académicas abiertas),"Gamma, Helm, Johnson, Vlissides","Cap. 3: Creational, pp. 81–133",,pendiente,https://www.google.com/search?q=Design%20Patterns%20(notas%20acad%C3%A9micas%20abiertas)%20Gamma%2C%20Helm%2C%20Johnson%2C%20Vlissides
Mapa_Java.html:5.2:biblio:1,Mapa_Java.html,05 · Buenas Prácticas y Control de Versiones,"5.2 · Patrones de diseño básicos (Singleton, Factory)",Bibliografía,libro,Catálogo de Patrones Creacionales en Java,UPM,"OCW, pp. 1–32",,pendiente,https://www.google.com/search?q=Cat%C3%A1logo%20de%20Patrones%20Creacionales%20en%20Java%20UPM
Mapa_Java.html:5.2:biblio:2,Mapa_Java.html,05 · Buenas Prácticas y Control de Versiones,"5.2 · Patrones de diseño básicos (Singleton, Factory)",Bibliografía,libro,Design Patterns: Singleton & Factory in Java,Refactoring.Guru,pp. 1–20,,sugerido,https://www.google.com/search?q=Design%20Patterns%3A%20Singleton%20%26%20Factory%20in%20Java%20Refactoring.Guru
Mapa_Java.html:5.2:biblio:3,Mapa_Java.html,05 · Buenas Prácticas y Control de Versiones,"5.2 · Patrones de diseño básicos (Singleton, Factory)",Bibliografía,libro,Patrones de Diseño OO,U. de Valladolid,"UVaDOC, pp. 1–28",,pendiente,https://www.google.com/search?q=Patrones%20de%20Dise%C3%B1o%20OO%20U.%20de%20Valladolid
Mapa_Java.html:5.2:biblio:4,Mapa_Java.html,05 · Buenas Prácticas y Control de Versiones,"5.2 · Patrones de diseño básicos (Singleton, Factory)",Bibliografía,libro,Patrones de Creación en Lenguaje Java,U. de los Andes,"Séneca, pp. 1–24",,pendiente,https://www.google.com/search?q=Patrones%20de%20Creaci%C3%B3n%20en%20Lenguaje%20Java%20U.%20de%20los%20Andes
Mapa_Java.html:5.2:practica:0,Mapa_Java.html,05 · Buenas Prácticas y Control de Versiones,"5.2 · Patrones de diseño básicos (Singleton, Factory)",Práctica,practica,Implementación de Singleton y Factory,Programación Ats · YouTube,,,pendiente,https://www.google.com/search?q=Implementaci%C3%B3n%20de%20Singleton%20y%20Factory%20Programaci%C3%B3n%20Ats%20%C2%B7%20YouTube
Mapa_Java.html:5.2:practica:1,Mapa_Java.html,05 · Buenas Prácticas y Control de Versiones,"5.2 · Patrones de diseño básicos (Singleton, Factory)",Práctica,practica,20_design_patterns,mouredev/hello-java · GitHub,,,sugerido,https://www.google.com/search?q=20_design_patterns%20mouredev%2Fhello-java%20%C2%B7%20GitHub
Mapa_Java.html:5.2:practica:2,Mapa_Java.html,05 · Buenas Prácticas y Control de Versiones,"5.2 · Patrones de diseño básicos (Singleton, Factory)",Práctica,practica,Java Code Examples: Singleton & Factory,Refactoring.Guru,,,sugerido,https://www.google.com/search?q=Java%20Code%20Examples%3A%20Singleton%20%26%20Factory%20Refactoring.Guru
Mapa_Java.html:5.2:practica:3,Mapa_Java.html,05 · Buenas Prácticas y Control de Versiones,"5.2 · Patrones de diseño básicos (Singleton, Factory)",Práctica,practica,iluwatar/java-design-patterns,GitHub,,,pendiente,https://www.google.com/search?q=iluwatar%2Fjava-design-patterns%20GitHub
Mapa_Java.html:5.2:practica:4,Mapa_Java.html,05 · Buenas Prácticas y Control de Versiones,"5.2 · Patrones de diseño básicos (Singleton, Factory)",Práctica,practica,UPM · Ejercicios de Patrones Creacionales,Manual docente · pp. 33–36,,,pendiente,https://www.google.com/search?q=UPM%20%C2%B7%20Ejercicios%20de%20Patrones%20Creacionales%20Manual%20docente%20%C2%B7%20pp.%2033%E2%80%9336
Mapa_Java.html:5.3:videos:0,Mapa_Java.html,05 · Buenas Prácticas y Control de Versiones,5.3 · Testing unitario con JUnit,Videos,video,Curso de Java desde cero: Pruebas Unitarias con JUnit 5,MoureDev,,,pendiente,https://www.youtube.com/results?search_query=Curso%20de%20Java%20desde%20cero%3A%20Pruebas%20Unitarias%20con%20JUnit%205%20MoureDev
Mapa_Java.html:5.3:videos:1,Mapa_Java.html,05 · Buenas Prácticas y Control de Versiones,5.3 · Testing unitario con JUnit,Videos,video,Testing Unitario y JUnit 5 desde Cero,pildorasinformaticas,,,pendiente,https://www.youtube.com/results?search_query=Testing%20Unitario%20y%20JUnit%205%20desde%20Cero%20pildorasinformaticas
Mapa_Java.html:5.3:videos:2,Mapa_Java.html,05 · Buenas Prácticas y Control de Versiones,5.3 · Testing unitario con JUnit,Videos,video,Testing en Java: Introducción a JUnit 5 y Assertions,Makigas,,,pendiente,https://www.youtube.com/results?search_query=Testing%20en%20Java%3A%20Introducci%C3%B3n%20a%20JUnit%205%20y%20Assertions%20Makigas
Mapa_Java.html:5.3:videos:3,Mapa_Java.html,05 · Buenas Prácticas y Control de Versiones,5.3 · Testing unitario con JUnit,Videos,video,Aprende Pruebas Unitarias en Java con JUnit 5,TodoCode,,,pendiente,https://www.youtube.com/results?search_query=Aprende%20Pruebas%20Unitarias%20en%20Java%20con%20JUnit%205%20TodoCode
Mapa_Java.html:5.3:videos:4,Mapa_Java.html,05 · Buenas Prácticas y Control de Versiones,5.3 · Testing unitario con JUnit,Videos,video,Java Testing: Cobertura de Código y TDD Básico,Programación Ats,,,pendiente,https://www.youtube.com/results?search_query=Java%20Testing%3A%20Cobertura%20de%20C%C3%B3digo%20y%20TDD%20B%C3%A1sico%20Programaci%C3%B3n%20Ats
Mapa_Java.html:5.3:biblio:0,Mapa_Java.html,05 · Buenas Prácticas y Control de Versiones,5.3 · Testing unitario con JUnit,Bibliografía,libro,JUnit 5 User Guide,JUnit 5 Team,"junit.org, pp. 1–60",,pendiente,https://www.google.com/search?q=JUnit%205%20User%20Guide%20JUnit%205%20Team
Mapa_Java.html:5.3:biblio:1,Mapa_Java.html,05 · Buenas Prácticas y Control de Versiones,5.3 · Testing unitario con JUnit,Bibliografía,libro,"Introduction to Programming Using Java, 9th Ed.",David J. Eck,"Cap. 8.5: Unit Testing, pp. 415–425",,sugerido,https://www.google.com/search?q=Introduction%20to%20Programming%20Using%20Java%2C%209th%20Ed.%20David%20J.%20Eck
Mapa_Java.html:5.3:biblio:2,Mapa_Java.html,05 · Buenas Prácticas y Control de Versiones,5.3 · Testing unitario con JUnit,Bibliografía,libro,Pruebas Unitarias y Calidad del Software en Java,UNED,"e-Spacio, pp. 1–25",,pendiente,https://www.google.com/search?q=Pruebas%20Unitarias%20y%20Calidad%20del%20Software%20en%20Java%20UNED
Mapa_Java.html:5.3:biblio:3,Mapa_Java.html,05 · Buenas Prácticas y Control de Versiones,5.3 · Testing unitario con JUnit,Bibliografía,libro,Guía de Testing Automatizado con JUnit,U. de Zaragoza,"ZORA, pp. 1–30",,pendiente,https://www.google.com/search?q=Gu%C3%ADa%20de%20Testing%20Automatizado%20con%20JUnit%20U.%20de%20Zaragoza
Mapa_Java.html:5.3:biblio:4,Mapa_Java.html,05 · Buenas Prácticas y Control de Versiones,5.3 · Testing unitario con JUnit,Bibliografía,libro,TDD Practices in Java Open Source,OpenJDK,pp. 1–18,,pendiente,https://www.google.com/search?q=TDD%20Practices%20in%20Java%20Open%20Source%20OpenJDK
Mapa_Java.html:5.3:practica:0,Mapa_Java.html,05 · Buenas Prácticas y Control de Versiones,5.3 · Testing unitario con JUnit,Práctica,practica,Ejercicios Resueltos de Pruebas Unitarias con JUnit 5,Programación Ats · YouTube,,,pendiente,https://www.google.com/search?q=Ejercicios%20Resueltos%20de%20Pruebas%20Unitarias%20con%20JUnit%205%20Programaci%C3%B3n%20Ats%20%C2%B7%20YouTube
Mapa_Java.html:5.3:practica:1,Mapa_Java.html,05 · Buenas Prácticas y Control de Versiones,5.3 · Testing unitario con JUnit,Práctica,practica,Todos los ejercicios con suites JUnit 5,Exercism Java Track,,,sugerido,https://www.google.com/search?q=Todos%20los%20ejercicios%20con%20suites%20JUnit%205%20Exercism%20Java%20Track
Mapa_Java.html:5.3:practica:2,Mapa_Java.html,05 · Buenas Prácticas y Control de Versiones,5.3 · Testing unitario con JUnit,Práctica,practica,21_unit_testing,mouredev/hello-java · GitHub,,,sugerido,https://www.google.com/search?q=21_unit_testing%20mouredev%2Fhello-java%20%C2%B7%20GitHub
Mapa_Java.html:5.3:practica:3,Mapa_Java.html,05 · Buenas Prácticas y Control de Versiones,5.3 · Testing unitario con JUnit,Práctica,practica,Pruebas de Métodos con Casos de Borde,HackerRank,,,pendiente,https://www.google.com/search?q=Pruebas%20de%20M%C3%A9todos%20con%20Casos%20de%20Borde%20HackerRank
Mapa_Java.html:5.3:practica:4,Mapa_Java.html,05 · Buenas Prácticas y Control de Versiones,5.3 · Testing unitario con JUnit,Práctica,practica,JUnit 5 User Guide · Sección 2.22: Code Samples,Documentación · pp. 55–60,,,pendiente,https://www.google.com/search?q=JUnit%205%20User%20Guide%20%C2%B7%20Secci%C3%B3n%202.22%3A%20Code%20Samples%20Documentaci%C3%B3n%20%C2%B7%20pp.%2055%E2%80%9360
Mapa_Java.html:5.4:videos:0,Mapa_Java.html,05 · Buenas Prácticas y Control de Versiones,5.4 · Uso de Git y control de versiones,Videos,video,Curso de Git y GitHub desde cero,MoureDev,,,pendiente,https://www.youtube.com/results?search_query=Curso%20de%20Git%20y%20GitHub%20desde%20cero%20MoureDev
Mapa_Java.html:5.4:videos:1,Mapa_Java.html,05 · Buenas Prácticas y Control de Versiones,5.4 · Uso de Git y control de versiones,Videos,video,Curso de Git y GitHub Completo desde Cero,pildorasinformaticas,,,pendiente,https://www.youtube.com/results?search_query=Curso%20de%20Git%20y%20GitHub%20Completo%20desde%20Cero%20pildorasinformaticas
Mapa_Java.html:5.4:videos:2,Mapa_Java.html,05 · Buenas Prácticas y Control de Versiones,5.4 · Uso de Git y control de versiones,Videos,video,"Git: Ramas, Merges y Resolución de Conflictos",Makigas,,,pendiente,https://www.youtube.com/results?search_query=Git%3A%20Ramas%2C%20Merges%20y%20Resoluci%C3%B3n%20de%20Conflictos%20Makigas
Mapa_Java.html:5.4:videos:3,Mapa_Java.html,05 · Buenas Prácticas y Control de Versiones,5.4 · Uso de Git y control de versiones,Videos,video,Git y GitHub para Programadores Java: Integración en IntelliJ,TodoCode,,,pendiente,https://www.youtube.com/results?search_query=Git%20y%20GitHub%20para%20Programadores%20Java%3A%20Integraci%C3%B3n%20en%20IntelliJ%20TodoCode
Mapa_Java.html:5.4:videos:4,Mapa_Java.html,05 · Buenas Prácticas y Control de Versiones,5.4 · Uso de Git y control de versiones,Videos,video,Control de Versiones con Git y GitHub Paso a Paso,Programación Ats,,,pendiente,https://www.youtube.com/results?search_query=Control%20de%20Versiones%20con%20Git%20y%20GitHub%20Paso%20a%20Paso%20Programaci%C3%B3n%20Ats
Mapa_Java.html:5.4:biblio:0,Mapa_Java.html,05 · Buenas Prácticas y Control de Versiones,5.4 · Uso de Git y control de versiones,Bibliografía,libro,"Pro Git, 2nd Edition",Scott Chacon & Ben Straub,"Cap. 1, 2 y 3, pp. 1–100 (git-scm.com/book)",,sugerido,https://www.google.com/search?q=Pro%20Git%2C%202nd%20Edition%20Scott%20Chacon%20%26%20Ben%20Straub
Mapa_Java.html:5.4:biblio:1,Mapa_Java.html,05 · Buenas Prácticas y Control de Versiones,5.4 · Uso de Git y control de versiones,Bibliografía,libro,hello-git: Material didáctico (45 clases),MoureDev,"GitHub, pp. 1–10",,sugerido,https://www.google.com/search?q=hello-git%3A%20Material%20did%C3%A1ctico%20(45%20clases)%20MoureDev
Mapa_Java.html:5.4:biblio:2,Mapa_Java.html,05 · Buenas Prácticas y Control de Versiones,5.4 · Uso de Git y control de versiones,Bibliografía,libro,Guía Teórico-Práctica de Control de Versiones con Git,U. de Alicante,"RUA, pp. 1–45",,pendiente,https://www.google.com/search?q=Gu%C3%ADa%20Te%C3%B3rico-Pr%C3%A1ctica%20de%20Control%20de%20Versiones%20con%20Git%20U.%20de%20Alicante
Mapa_Java.html:5.4:biblio:3,Mapa_Java.html,05 · Buenas Prácticas y Control de Versiones,5.4 · Uso de Git y control de versiones,Bibliografía,libro,Version Control Systems in IntelliJ IDEA,JetBrains,"Docs, pp. 1–30",,pendiente,https://www.google.com/search?q=Version%20Control%20Systems%20in%20IntelliJ%20IDEA%20JetBrains
Mapa_Java.html:5.4:biblio:4,Mapa_Java.html,05 · Buenas Prácticas y Control de Versiones,5.4 · Uso de Git y control de versiones,Bibliografía,libro,Manual de Git y GitHub para Proyectos de Software,UNAM,pp. 1–35,,pendiente,https://www.google.com/search?q=Manual%20de%20Git%20y%20GitHub%20para%20Proyectos%20de%20Software%20UNAM
Mapa_Java.html:5.4:practica:0,Mapa_Java.html,05 · Buenas Prácticas y Control de Versiones,5.4 · Uso de Git y control de versiones,Práctica,practica,Taller Práctico Resuelto de Git y GitHub,MoureDev · YouTube,,,pendiente,https://www.google.com/search?q=Taller%20Pr%C3%A1ctico%20Resuelto%20de%20Git%20y%20GitHub%20MoureDev%20%C2%B7%20YouTube
Mapa_Java.html:5.4:practica:1,Mapa_Java.html,05 · Buenas Prácticas y Control de Versiones,5.4 · Uso de Git y control de versiones,Práctica,practica,Niveles 1 al 34 de Gestión de Ramas y Commits,Learn Git Branching,,,pendiente,https://www.google.com/search?q=Niveles%201%20al%2034%20de%20Gesti%C3%B3n%20de%20Ramas%20y%20Commits%20Learn%20Git%20Branching
Mapa_Java.html:5.4:practica:2,Mapa_Java.html,05 · Buenas Prácticas y Control de Versiones,5.4 · Uso de Git y control de versiones,Práctica,practica,hello-git: Flujo Pull Request,GitHub MoureDev,,,sugerido,https://www.google.com/search?q=hello-git%3A%20Flujo%20Pull%20Request%20GitHub%20MoureDev
Mapa_Java.html:5.4:practica:3,Mapa_Java.html,05 · Buenas Prácticas y Control de Versiones,5.4 · Uso de Git y control de versiones,Práctica,practica,Command Line Track: Katas de Git,Exercism,,,sugerido,https://www.google.com/search?q=Command%20Line%20Track%3A%20Katas%20de%20Git%20Exercism
Mapa_Java.html:5.4:practica:4,Mapa_Java.html,05 · Buenas Prácticas y Control de Versiones,5.4 · Uso de Git y control de versiones,Práctica,practica,Pro Git · Ejercicios Cap. 3 (Git Branching),Libro · pp. 95–100,,,sugerido,https://www.google.com/search?q=Pro%20Git%20%C2%B7%20Ejercicios%20Cap.%203%20(Git%20Branching)%20Libro%20%C2%B7%20pp.%2095%E2%80%93100
